,Name,Bangla,English
0,Ahsan_Monjil,"আহসান মঞ্জিল পুরান ঢাকার ইসলামপুরের কুমারটুলী এলাকায় বুড়িগঙ্গা নদীর তীরে অবস্থিত। এটি পূর্বে ছিল ঢাকার নবাবদের আবাসিক প্রাসাদ ও জমিদারীর সদর কাচারি। বর্তমানে এটি জাদুঘর হিসাবে ব্যবহৃত হচ্ছে। এর প্রতিষ্ঠাতা নওয়াব আবদুল গনি।তিনি তার পুত্র খাজা আহসানুল্লাহ-র নামানুসারে এর নামকরণ করেন।১৮৫৯ খ্রিষ্টাব্দে আহসান মঞ্জিলের নির্মাণ কাজ শুরু হয়ে ১৮৭২ খ্রিষ্টাব্দে সমাপ্ত হয়। ১৯০৬ খ্রিষ্টাব্দে এখানে এক অনুষ্ঠিত বৈঠকে মুসলিম লীগ প্রতিষ্ঠার সিদ্ধান্ত হয়। আহসান মঞ্জিল কয়েকবার সংস্কার করা হয়েছে। সর্বশেষ সংস্কার করা হয়েছে অতি সম্প্রতি। এখন এটি বাংলাদেশ জাতীয় জাদুঘর কর্তৃক পরিচালিত একটি জাদুঘর।অষ্টাদশ শতাব্দীর মাঝামাঝি সময়ে জামালপুর পরগনার জমিদার শেখ ইনায়েতউল্লাহ আহসান মঞ্জিলের বর্তমান স্থান রংমহল নামে একটি প্রমোদভবন তৈরি করেন। পরবর্তীতে তার পুত্র শেখ মতিউল্লাহ রংমহলটি ফরাসি বণিকদের কাছে বিক্রি করে দেন। বাণিজ্য কুঠি হিসাবে এটি দীর্ঘদিন পরিচিত ছিল। এরপরে ১৮৩০-এ বেগমবাজারে বসবাসকারী নওয়াব আবদুল গনির পিতা খাজা আলীমুল্লাহ এটি ক্রয় করে বসবাস শুরু করেন। এই বাসভবনকে কেন্দ্র করে খাজা আবদুল গনি মার্টিন অ্যান্ড কোম্পানী নামক একটি ইউরোপীয় নির্মাণ ও প্রকৌশল-প্রতিষ্ঠানকে দিয়ে একটি মাস্টারপ্ল্যান তৈরী করান, যার প্রধান ইমারত ছিল আহসান মঞ্জিল। ১৮৫৯ সালে নওয়াব আবদুল গনি প্রাসাদটি নির্মাণ শুরু করেন যা ১৮৭২ সালে সমাপ্ত হয়। তিনি তার প্রিয় পুত্র খাজা আহসানুল্লাহর নামানুসারে এর নামকরণ করেন ‘আহসান মঞ্জিল’। ওই যুগে নবনির্মিত প্রাসাদ ভবনটি রংমহল ও পুরাতন ভবনটি অন্দরমহল নামে পরিচিত ছিল.","Ahsan Manzil is located on the banks of the Buriganga River in the Islampur area of old Dhaka, Bangladesh. It used to be the residential palace of the Nawabs of Dhaka and their administrative center. Currently, it is being used as a museum. It was founded by Nawab Abdul Gani, who named it after his son Khaza Ahsanullah. Construction of Ahsan Manzil began in 1859 and was completed in 1872. In 1906, a meeting of the Muslim League was held here. Ahsan Manzil has undergone several renovations, with the most recent one being quite recent. It now serves as a museum managed by the Bangladesh National Museum.In the mid-18th century, Sheikh Enayet Ullah built a new palace in the Kumartuli area of Jamalpur. Later, his son Sheikh Moti Ullah turned it into a French trading post, known as the French Factory. This trading post was well-known for an extended period. In 1830, Nawab Abdul Gani, the father of Nawab Khaja Alimullah, bought the building and started living there. He gave the name Ahsan Manzil to the building after his son Khaza Ahsanullah. In that period, a stable and a family mosque were built. The Ahsan Manzil was the property of the prominent Hindu Zamindar of Bhawal and was named Rang Mahal. Ahsan Manzil is one of the most significant architectural monuments of Bangladesh"
1,Armenian_Church,আর্মেনীয় গির্জা পুরান ঢাকার একটি প্রাচীন খ্রিস্টধর্মীয় উপাসনালয়। এটি ১৭৮১ খ্রিস্টাব্দে প্রতিষ্ঠিত হয়। এটি পুরানো ঢাকার আর্মানিটোলায় অবস্থিত।ব্যবসা-বাণিজ্যের প্রয়োজনে অষ্টাদশ ও ঊনবিংশ শতকে ঢাকায় অনেক আর্মেনীয় ব্যক্তির আগমন ঘটে। গীর্জা নির্মাণের পূর্বে ঐ স্থানে ছিলো আর্মেনীয়দের একটি কবরস্থান। এই গির্জার জন্য জমি দান করেন আগা মিনাস ক্যাটচিক। ১৮৮০ সালে আর্থিক অনটনে পড়ে গির্জার ঘণ্টাটি বাজানো বন্ধ করে দেওয়া হয়। ১৮৯৭ সালের ভূমিকম্পে গির্জার ঘড়িঘর বিধ্বস্ত হয়। গির্জার অঙ্গনে আর্মেনীয়দের কবরস্থান অবস্থিত।আর্মেনীয় গির্জাটি আরমানিটোলা ও স্যার সলিমুল্লাহ মেডিকেল কলেজ এর মাঝে চার্চ রোডে অবস্থিত। অষ্টাদশ শতকে পুরান ঢাকার আর্মেনীয় বসতি থেকেই গির্জাটি আর্মেনীয় গির্জা নামে পরিচিত হয়। একটি প্রাচীন প্রতিষ্ঠাফলক থেকে জানা যায় গির্জাটি ১৭৮১ সালে নির্মিত হয়েছিল। গির্জার ঘণ্টাঘরের পাশে ক্লক টাওয়ার হিসেবে একটি সুদৃশ্য গির্জাচূড়া ১৮৩৭ সালে নির্মাণ করা হয় যা ১৮৯৭ সালের বিধ্বংসী ভূমিকম্পে ভেঙে পড়ে।আর্মেনীয় গির্জাটি আরমানিটোলা ও স্যার সলিমুল্লাহ মেডিকেল কলেজ এর মাঝে চার্চ রোডে অবস্থিত। অষ্টাদশ শতকে পুরান ঢাকার আর্মেনীয় বসতি থেকেই গির্জাটি আর্মেনীয় গির্জা নামে পরিচিত হয়। একটি প্রাচীন প্রতিষ্ঠাফলক থেকে জানা যায় গির্জাটি ১৭৮১ সালে নির্মিত হয়েছিল। গির্জার ঘণ্টাঘরের পাশে ক্লক টাওয়ার হিসেবে একটি সুদৃশ্য গির্জাচূড়া ১৮৩৭ সালে নির্মাণ করা হয় যা ১৮৯৭ সালের বিধ্বংসী ভূমিকম্পে ভেঙে পড়ে।,"The Armenian Church is an ancient Christian place of worship in Old Dhaka. It was established in the year 1781 AD and is located in Armanitola, Old Dhaka. During the eighteenth and nineteenth centuries, many Armenians migrated to Dhaka for business and trade, leading to the construction of the church. Before the construction of the church, the site was an Armenian graveyard. The land for the church was donated by Agaminus Catchik. In 1880, due to financial difficulties, the church's clock tower ceased to function. In 1897, the church's clock tower was destroyed during a devastating earthquake. The Armenian cemetery is located in the churchyard.The Armenian Church is situated on Church Road, between Armanitola and Sir Salimullah Medical College. It gained its name Armenian Church from the ancient Armenian settlement in Old Dhaka during the eighteenth century. According to historical records, the church was built in the year 1781. Next to the church's clock tower, a clock tower was constructed as an impressive landmark in 1837, but it collapsed during the catastrophic earthquake of 1897. The Armenian Church is situated on Church Road, between Armanitola and Sir Salimullah Medical College."
2,Baitul_Mukarram_Mosque,"বায়তুল মোকাররম জাতীয় মসজিদ (আরবি: بيت المكرَّم الوطني مسجد) বাংলাদেশের জাতীয় মসজিদ। মসজিদটি রাজধানী ঢাকার প্রাণকেন্দ্র পল্টনে অবস্থিত।১৯৬৮ সালে মসজিদটির নির্মাণ কাজ সম্পন্ন হয়। এর স্থাপত্যশৈলী অত্যন্ত দৃষ্টিনন্দন। তৎকালীন পাকিস্তানের বিশিষ্ট শিল্পপতি লতিফ বাওয়ানি ও তার ভাতিজা ইয়াহিয়া বাওয়ানির উদ্যোগে এই মসজিদ নির্মাণের পদক্ষেপ গৃহীত হয়। মসজিদে একসাথে ৩০,০০০ মুসল্লি নামাজ আদায় করতে পারে, ফলে ধারণক্ষমতার দিক দিয়ে এটি বিশ্বের ১০ম বৃহত্তম মসজিদ। তবে মসজিদটিতে জুমার নামাজ ছাড়াও বিশেষত রমজানের সময় অত্যধিক মুসল্লির সমাগম হয় বিধায়, বাংলাদেশ সরকার মসজিদের ধারণক্ষমতা ৪০ হাজারে উন্নিত করে।আব্দুল লতিফ ইব্রাহিম বাওয়ানি প্রথম ঢাকাতে বিপুল ধারণক্ষমতাসহ একটি বৃহত্তর মসজিদ নির্মাণের পরিকল্পনার কথা প্রকাশ করেন। ১৯৫৯ সালে ‘বায়তুল মুকাররম মসজিদ সোসাইটি’ গঠনের মাধ্যমে এই পরিকল্পনা বাস্তবায়নের উদ্যোগ নেয়া হয়। পুরান ঢাকা ও নতুন ঢাকার মিলনস্থলে মসজিদটির জন্য ৮.৩০ একর জায়গা অধিগ্রহণ করা হয়। স্থানটি নগরীর প্রধান বাণিজ্যকেন্দ্র থেকেও ছিল নিকটবর্তী। সেই সময় মসজিদের অবস্থানে একটি বড় পুকুর ছিল। যা 'পল্টন পুকুর' নামে পরিচিত ছিল। পুকুরটি ভরাট করে ২৭ জানুয়ারি ১৯৬০ সালে পাকিস্তান রাষ্ট্রপতি আইয়ুব খান মসজিদের কাজের উদ্ভোধন করেন।এই মসজিদটিতে মুগল স্থাপত্যশৈলীর ঐতিহ্যগত বৈশিষ্ট্যের পাশাপাশি বেশ কিছু আধুনিক স্থাপত্যশৈলীর নিদর্শনও রয়েছে। মক্কাতে অবস্থিত পবিত্র কাবাঘরের অনুরূপে তৈরিকৃত বায়তুল মোকাররমের বৃহৎ ঘনক্ষেত্রটি একে বিশেষ বৈশিষ্ট্যমন্ডিত করেছে। যা এই মসজিদটিকে বাংলাদেশের অন্য যেকোন মসজিদ থেকে আলদা করেছে।","Baitul Mukarram National Mosque (Arabic: بيت المكرَّم الوطني مسجد) is the national mosque of Bangladesh. The mosque is located in Paltan, the heart of the capital Dhaka. The construction of the mosque was completed in 1968. Its architecture is very beautiful. The steps to build this mosque were taken at the initiative of Latif Bawani, a prominent industrialist of Pakistan and his nephew Yahya Bawani. The mosque can hold 30,000 worshipers at once, making it the 10th largest mosque in the world in terms of capacity.However, since the mosque gathers a lot of worshipers, especially during Ramadan, apart from Friday prayers, the Bangladesh government increased the capacity of the mosque to 40,000. Abdul Latif Ibrahim Bawani first announced plans to build a larger mosque with a large capacity in Dhaka. In 1959, an initiative was taken to implement this plan through the formation of 'Baitul Mukarram Mosque Society'. 8.30 acres of land was acquired for the mosque at the junction of Old Dhaka and New Dhaka.The place was also close to the main commercial center of the city. At that time there was a large pond at the location of the mosque. Which was known as 'Paltan Pond'. After filling the pond, the President of Pakistan Ayub Khan inaugurated the mosque on 27 January 1960. The mosque has traditional features of Mughal architecture as well as some modern architectural features."
3,Bangladesh_National_Museum,"বাংলাদেশ জাতীয় জাদুঘর বাংলাদেশের রাজধানী ঢাকা শহরে অবস্থিত দেশের জাতীয় জাদুঘর। এটি ২০, মার্চ, ১৯১৩ খ্রিষ্টাব্দে প্রতিষ্ঠিত হয়, এবং ৭ আগস্ট, ১৯১৩ খ্রিষ্টাব্দে এর আনুষ্ঠানিক উদ্বোধন করা হয়। ১৯৮৩ খ্রিষ্টাব্দের ১৭ নভেম্বর তারিখে এটিকে জাতীয় জাদুঘরের মর্যাদা দেয়া হয়।জাদুঘরটি শাহবাগ মোড়ের সন্নিকটে বঙ্গবন্ধু শেখ মুজিব মেডিকেল বিশ্ববিদ্যালয়, রমনা পার্ক ও চারুকলা ইন্সটিটিউটের পাশে অবস্থিত। এখানে নৃতত্ত্ব, চারুকলা, ইতিহাস, প্রকৃতি এবং আধুনিক ও প্রাচীন বিশ্ব-সভ্যতা, বাংলাদেশের মুক্তিযুদ্ধ ইত্যাদি বিষয়ে আলাদা ৪৫টি প্রদর্শনশালা (গ্যালারি) রয়েছে। এছাড়া এখানে একটি সংরক্ষণাগার, গ্রন্থাগার, মিলনায়তন, সিনেপ্লেক্স এবং চলচ্চিত্র প্রদর্শনালয় রয়েছে।১৮৫৬ খ্রিস্টাব্দের ১ নভেম্বর দ্য ঢাকা নিউজ পত্রিকায় প্রথম এদেশে জাদুঘর প্রতিষ্ঠার প্রয়োজনীয়তা তুলে ধরা হয়। ১৯১৩ খ্রিস্টাব্দের ২০ মার্চ তৎকালীন সচিবালয়ে (বর্তমান ঢাকা মেডিক্যাল)-এ দুই হাজার রুপি তহবিল নিয়ে জাদুঘরের কার্যক্রম শুরু। বাংলার তৎকালীন গভর্নর লর্ড কারমাইকেল তৎকালীন সচিবালয়ের একটি কক্ষে এই ঢাকা জাদুঘর উদ্বোধন করেন। ১৯১৩ খ্রিস্টাব্দের ৭ আগস্ট ঢাকা জাদুঘরের যাত্রা শুরু হয়। ১৯১৪ খ্রিস্টাব্দের ২৫ আগস্ট সর্বসাধারণের জন্য জাদুঘর উন্মুক্ত করে দেয়া হয়। ঢাকা জাদুঘরের প্রথম অস্থায়ী তথা সূচনাকালীন কিউরেটর বা তত্ত্বাবধায়ক ছিলেন এন গুপ্ত। প্রথম কিউরেটর নলিনীকান্ত ভট্টশালী ১৯১৪ থেকে ১৯৪৭ খ্রিস্টাব্দ পর্যন্ত দায়িত্ব পালন করেন। ব্রিটিশ সরকার এদেশে জাদুঘর প্রতিষ্ঠা করে বঙ্গভঙ্গ রদের ক্ষতিপূরণ হিসেবে। ","Bangladesh National Museum is the country's national museum located in Dhaka, the capital of Bangladesh. It was established on March 20, 1913 AD, and officially inaugurated on August 7, 1913 AD. It was given the status of National Museum on 17 November 1983. The museum is located near Shahbagh intersection, next to Bangabandhu Sheikh Mujib Medical University, Ramna Park and Fine Arts Institute.There are 45 different exhibitions (galleries) on anthropology, fine arts, history, nature and modern and ancient world-civilizations, liberation war of Bangladesh etc. Besides, there is an archive, library, auditorium, cineplex and movie theater.On November 1, 1856, The Dhaka News first highlighted the need to establish a museum in this country.On March 20, 1913 AD in the then secretariat (now Dhaka Medical), the museum started its operations with a fund of two thousand rupees. The then Governor of Bengal Lord Carmichael inaugurated this Dhaka Museum in a room of the then Secretariat. Dhaka Museum started its journey on August 7, 1913. The museum was opened to the public on 25 August 1914.N Gupta was the first temporary curator or caretaker of Dhaka Museum. The first curator Nalinikanta Bhattasali served from 1914 to 1947 AD. The British government established a museum in this country as compensation for the partition of Bengal."
4,Bangladesh_Parlament,"জাতীয় সংসদ গণপ্রজাতন্ত্রী বাংলাদেশের সর্বোচ্চ আইনসভা। এককক্ষ বিশিষ্ট এ আইনসভার সদস্য সংখ্যা ৩৫০; যার মধ্যে ৩০০ জন সংসদ সদস্য জনগণের প্রত্যক্ষ ভোটে নির্বাচিত হয়ে থাকেন এবং অবশিষ্ট ৫০টি আসন নারীদের জন্য সংরক্ষিত। সংরক্ষিত আসনের নারী সদস্যগণ নির্বাচিত ৩০০ সংসদ সদস্যের ভোটে (পরোক্ষ নির্বাচন পদ্ধতিতে) নির্বাচিত হন। সংসদের মেয়াদকাল পাঁচ বছর।বাংলাদেশের জাতীয় সংসদ ভবন পৃথিবীর দৃষ্টিনন্দন আইনসভা ভবনের একটি। রাজধানী ঢাকার শের-ই-বাংলা নগরে অবস্থিত জাতীয় সংসদ ভবন এলাকার আয়তন ২১৫ একর। যেখানে মূল ভবনের পাশাপাশি রয়েছে উন্মুক্ত সবুজ পরিসর, মনোরম জলাধার ও সংসদ সদস্যদের কার্যালয়।১৯৬১ সালে ৯ তলা এ ভবনের নির্মাণ কাজ শুরু হয়। ইতিহাসের নানা চড়াই উৎরাই পেরিয়ে ১৯৮২ সালের ২৮ জানুয়ারি এ ভবনের উদ্বোধন করা হয়। দৃষ্টিনন্দন এ ভবনের নকশা করেছেন যুক্তরাষ্ট্রের প্রখ্যাত স্থপতি লুই আই কান।সংসদ ভবন এলাকাকে প্রধান ভবন, দক্ষিণ প্লাজা ও প্রেসিডেন্সিয়াল প্লাজা এই তিনটি অংশে ভাগ করা হয়েছে। সংসদের পেছন দিকে ক্রিসেন্ট লেক নামে একটি নান্দনিক জলাধার রয়েছে।জাতীয় সংসদ ভবনে সংসদ সদস্যদের আসন সংখ্যা ৩৫০, অতিথি আসন সংখ্যা ৫৬, কর্মকর্তা আসন সংখ্যা ৪১, সাংবাদিক আসন সংখ্যা ৮০ এবং দর্শক আসন সংখ্যা ৪৩০","Jatiya Sangsad is the highest legislature of the People's Republic of Bangladesh. The number of members of this unicameral legislature is 350; Out of which 300 MPs are elected by direct popular vote and the remaining 50 seats are reserved for women. Women members of reserved seats are elected by the votes of 300 elected members of Parliament (indirect election system). The term of parliament is five years. The National Parliament of Bangladesh is one of the most beautiful legislative buildings in the world.Jatiya Sangsad Bhavan area is 215 acres located in Sher-e-Bangla Nagar of capital Dhaka. In addition to the main building, there is an open green area, a beautiful reservoir and the office of members of parliament. In 1961, the construction of the 9th floor building started. This building was inaugurated on January 28, 1982 after going through many ups and downs of history. This spectacular building was designed by famous American architect Louis I Kahn.The Sangsad Bhawan area is divided into three parts namely Main Building, South Plaza and Presidential Plaza. There is a beautiful reservoir called Crescent Lake at the back of the Parliament. The National Parliament House has 350 seats for Members of Parliament, 56 guest seats, 41 official seats, 80 journalist seats and 430 audience seats."
5,Candrima_Uddan,"চন্দ্রিমা উদ্যান বাংলাদেশের রাজধানী ঢাকা শহরের প্রাণকেন্দ্র সংসদ ভবনের পাশে অবস্থিত। সাবেক রাষ্ট্রপতি বিএনপি'র প্রতিষ্ঠাতা জিয়াউর রহমানের সমাধি এখানে অবস্থিত। সমাধিকে কেন্দ্র করে এখানে সমাধি কমপ্লেক্স প্রতিষ্ঠা করা হয়। প্রতিদিন অসংখ্য দর্শনার্থী এই উদ্যানটি এবং লেকটি দেখতে আসেন। শহরের দক্ষিণ-পশ্চিমাঞ্চলের প্রাতঃভ্রমণকারীদের জন্য এটি একটি উত্তম স্থান। ঢাকা শহরের উদ্যানগুলির মধ্যে এটি অন্যতম গুরুত্বপূর্ণ একটি উদ্যান।প্রথম দিকে এই উদ্যানের নামকরণ করা হয়েছিল চন্দ্রিমা উদ্যান। এই নামকরণের প্রেক্ষাপট নিয়ে কিছু মতামতও পাওয়া যায়। কারো কারো মতে, এখানে চন্দ্রিমা নামে একজনের বাড়ি ছিল, সেখান থেকেই এই নামের উৎপত্তি। আবার কারো কারো মতে, দক্ষিণপাশে অর্ধচন্দ্রাকৃতির ক্রিসেন্ট লেকের সাথে মিল রেখে রাষ্ট্রপতি এরশাদ এর নাম চন্দ্রিমা উদ্যান রেখেছিলেন। দীর্ঘদিন একে গবাদিপশুর খামার, খাস জমি এবং চাষাবাদ জমি হিসেবে ব্যবহার করা হয়েছে। ১৯৮১ সালে এই স্থানে মরহুম রাষ্ট্রপতি জিয়াউর রহমানকে সমাধিস্থ করা হয় এবং এলাকাটিকে পরিষ্কার করে দর্শণার্থীদের জন্য মনোরম স্থান হিসেবে গড়ে তোলা হয়। পরবর্তী সময়ে মরহুম জিয়াউর রহমানের স্ত্রী বেগম খালেদা জিয়া বাংলাদেশের প্রধানমন্ত্রী নির্বাচিত হওয়ার পর চন্দ্রিমা উদ্যানের নাম পরিবর্তন করে একে জিয়া উদ্যান নামকরণ করেন। ১৯৯৬ সালে ক্ষমতায় এসে আওয়ামী লীগ সরকার জিয়া উদ্যানের নাম পরিবর্তন করে আবার চন্দ্রিমা উদ্যান করেছিল। পরে বিএনপি ক্ষমতায় এসে সেটার নাম পরিবর্তন করে জিয়া উদ্যান নাম করে।","Chandrima Udyan is located next to Sangsad Bhavan, the heart of Dhaka, the capital of Bangladesh. The tomb of former president BNP founder Ziaur Rahman is located here. A Samadhi complex is established here centered on the Samadhi. Every day numerous visitors visit this park and the lake. It is a good place for early morning hikers in the southwestern part of the city. It is one of the most important gardens in Dhaka city.Initially this garden was named Chandrima Udyan. There are also some opinions about the context of this naming. According to some, there was a house of one named Chandrima, hence the name. According to some, President Ershad named it Chandrima Udyan after the crescent-shaped crescent lake on the south side. It has long been used as cattle ranch, Khas land and arable land.Late President Ziaur Rahman was buried at this place in 1981 and the area was cleaned and made a scenic spot for visitors. Later, after late Ziaur Rahman's wife Begum Khaleda Zia was elected as the Prime Minister of Bangladesh, Chandrima Udyan was renamed as Zia Udyan. After coming to power in 1996, the Awami League government changed the name of Zia Udyan to Chandrima Udyan"
6,Supreme_Court,"বাংলাদেশ সুপ্রীম কোর্ট বাংলাদেশের সর্বোচ্চ আদালত। বাংলাদেশের সংবিধানের ষষ্ঠ অধ্যায়ে সুপ্রীম কোর্ট প্রতিষ্ঠা সম্পর্কে আইনি বিধান রয়েছে। সংবিধানের ধারা ১০০-এর বিধান অনুযায়ী বাংলাদেশের রাজধানী ঢাকা শহরের রমনায় সুপ্রীম কোর্ট অবস্থিত।এটা সচরাচর হাইকোর্ট নামে পরিচিত; কারণ ১৯৭১ সালের পূর্বে এই ভবনে পূর্ব পাকিস্তানের উচ্চ আদালতের কার্যক্রম পরিচালিত হতো।বাংলাদেশের সংবিধানের ষষ্ঠ অধ্যায়ের ৯৪ ধারায় সুপ্রিম কোর্ট প্রতিষ্ঠা সম্পর্কে আইনি বিধান ব্যক্ত করা হয়েছে। এই ধারার (১) অনুচ্ছেদে বলা হয়েছে যে, বাংলাদেশ সুপ্রিম কোর্ট নামে বাংলাদেশের একটি সর্বোচ্চ আদালত থাকিবে এবং আপিল বিভাগ ও হাইকোর্ট বিভাগ লইয়া তাহা গঠিত হইবে। এই ধারার (১) অনুচ্ছেদে বলা হয়েছে যে, প্রধান বিচারপতি এবং প্রত্যেক বিভাগে আসন গ্রহণের জন্য রাষ্ট্রপতি যেরূপ সংখ্যক বিচারক নিয়োগের প্রয়োজন বোধ করিবেন, সেইরূপ সংখ্যক অন্যান্য বিচারক লইয়া সুপ্রিম কোর্ট গঠিত হইবে; আরো বলা হয়েছে যে, সুপ্রিম কোর্টের প্রধান বিচারপতি বাংলাদেশের প্রধান বিচারপতি নামে অভিহিত হইবেন। পরবর্তী অনুচ্ছেদে বলা হয়েছে, প্রধান বিচারপতি ও আপিল বিভাগে নিযুক্ত বিচারকগণ কেবল উক্ত বিভাগে এবং অন্যান্য বিচারক কেবল হাইকোর্ট বিভাগে আসন গ্রহণ করিবেন। এবং চতুর্থ অনুচ্ছেদে বলা হয়েছে যে, “সংবিধানের বিধানাবলী সাপেক্ষে প্রধান বিচারপতি এবং অন্যান্য বিচারক বিচারকার্য পালনের ক্ষেত্রে স্বাধীন থাকিবেন।","Bangladesh Supreme Court is the highest court of Bangladesh. Chapter VI of the Constitution of Bangladesh contains legal provisions regarding the establishment of the Supreme Court. According to the provisions of Article 100 of the Constitution, the Supreme Court is located in Ramna, Dhaka, the capital of Bangladesh. It is commonly known as the High Court; Because before 1971, the activities of the East Pakistan High Court were conducted in this building. Article 94 of the Sixth Chapter of the Constitution of Bangladesh states the legal provision about the establishment of the Supreme Court.Clause (1) of this section provides that there shall be a Supreme Court of Bangladesh to be called the Supreme Court of Bangladesh and shall consist of an Appellate Division and a High Court Division. Clause (1) of this section states that, The Supreme Court shall consist of a Chief Justice and such number of other judges as the President may deem necessary to appoint to fill seats in each DivisionIt is also stated that the Chief Justice of the Supreme Court shall be known as Chief Justice of Bangladesh. The next Article states, The Chief Justice and the Judges appointed to the Appellate Division shall sit only in that Division and the other Judges only in the High Court Division. And the fourth Article states that, Subject to the provisions of the Constitution, the Chief Justice and other Judges shall be independent in the exercise of judicial functions."
7,Dhakeshwari_Temple,"ঢাকেশ্বরী মন্দির বা ঢাকেশ্বরী জাতীয় মন্দির বাংলাদেশের রাজধানী ঢাকায় অবস্থিত একটি হিন্দু মন্দির। এই মন্দিরটিকে বাংলাদেশের জাতীয় মন্দির ও বলা হয়। ঢাকেশ্বরী শব্দের অর্থ 'ঢাকার ঈশ্বরী'[১] বা 'ঢাকা শহরের রক্ষাকর্ত্রী'।এই মন্দিরটি ভারতীয় উপমহাদেশের বিখ্যাত শক্তিপীঠ গুলির একটি। এখানে সতীর মুকুটের মণি পড়েছিল। এটি বাংলাদেশের অন্যতম বৃহত্তম মন্দির।অনেকের মতে, দেবী ঢাকেশ্বরীর নাম থেকেই ঢাকা নামের উৎপত্তি।সেন রাজবংশের রাজা বল্লাল সেন দ্বাদশ শতাব্দীতে প্রতিষ্ঠা করেন। বর্তমান মন্দির কমপ্লেক্সটির দীর্ঘ অস্তিত্বকালে পুননির্মাণ ও সংস্কারের দরুন বর্তমানে এর আদি স্থাপত্যিক বৈশিষ্ট্যের কোনো কিছুই স্পষ্টভাবে প্রকাশ পায় না।[১৯৪৮ সালে এই মন্দিরের দেবী ঢাকেশ্বরীর ৮০০ বছরের পুরোনো আসল মূল বিগ্রহটি দেশভাগ-পরবর্তী দাঙ্গার সময় আক্রমণ এবং লুন্ঠনের হাত থেকে রক্ষা করতে গোপনে এবং দ্রুততার সঙ্গে ঢাকা থেকে কলকাতার কুমারটুলি অঞ্চলে দুর্গাচারণ স্ট্রিটের শ্রী শ্রী ঢাকেশ্বরী মাতার মন্দিরে স্থানান্তর করা হয়।ঢাকেশ্বরী মন্দিরের ইতিহাস সম্পর্কে নানা কাহিনী প্রচলিত আছে। ধারণা করা হয় যে, সেন রাজবংশের রাজা বল্লাল সেন দ্বাদশ শতাব্দীতে এটি প্রতিষ্ঠা করেন। তবে সেই সময়কার নির্মাণশৈলীর সাথে এর স্থাপত্যকলার মিল পাওয়া যায় না বলে অনেক ইতিহাসবিদ মনে করেন।কেউ কেউ দাবি করেন, ভারতীয় উপমহাদেশে মুসলমানদের আগমনের পূর্বে তথা সেন বংশের রাজত্বকালে বাংলার স্থাপত্যশিল্পে চুন-বালি মিশ্রণের ব্যবহার ছিল না।","Dhakeshwari Temple or Dhakeshwari National Temple is a Hindu temple located in Dhaka, the capital of Bangladesh. This temple is also called the national temple of Bangladesh. The word Dhakeshwari means 'Ishwari of Dhaka'[1] or 'protector of the city of Dhaka'. This temple is one of the famous Shakti Peethas of the Indian subcontinent. Here lay the jewel in the crown of sati. It is one of the largest temples in Bangladesh. According to many, the name Dhaka originates from the name of Goddess Dhakeswari. It was founded by King Ballal Sen of the Sen dynasty in the twelfth century.However, many historians believe that its architecture does not match the construction style of that time. Some claim that lime-sand mixture was not used in the architecture of Bengal before the arrival of Muslims in the Indian subcontinent and during the reign of the Sen dynasty."
8,Kutila_Mura,"কোটিলা মুড়া হচ্ছে কুমিল্লার ময়নামতী সেনানিবাস এলাকার একটি প্রত্নস্থান। ঢাকা-কুমিল্লা মহাসড়ক থেকে প্রায় দুই মাইল দক্ষিণে এবং শালবন বিহার থেকে প্রায় তিন মাইল উত্তরে এর অবস্থান। লালমাই পাহাড়ের গুরুত্বপূর্ণ প্রত্নস্থাপনাগুলোর মধ্যে কোটিলা মুড়া অন্যতম। এ স্থানের মাটি খনন করার পর এখানে তিনটি স্তুপ আবিষ্কৃত হয়। ধারণা করা হয় এই তিনটি স্তুপ, বৌদ্ধ দর্শণের ত্রি-রত্ন, বুদ্ধ, ধর্ম এবং সঙ্ঘ এর প্রতীক।এটির অবস্থান বর্তমান কুমিল্লা ক্যান্টনমেন্ট অধিদপ্তর। দর্শনার্থীদের জন্য স্থাপনাটি সকাল ১০টা থেকে বিকাল ৫টা পর্যন্ত উন্মুক্ত থাকে।আব্বাসীয় খলিফা মু'তাসিম বিল্লাহর (১২৮২ - ১২৫৮) সময়কার একটি অন্যতম নিদর্শন কোটিলা মুড়া। স্থাপনাটির কার্যকাল ছিল সাত শতক থেকে তের শতক পর্যন্ত।চারকোনা ভিত্তির উপর নির্মিত হয়েছিল গোলাকার গম্বুজ। এই গম্বুজের উপর আছে হার্মিক ও চূঁড়া। কেন্দ্রীয় স্তুপার মাঝে একটি গোলাকৃতি কক্ষ আছে। এই কেন্দ্রীয় কক্ষের চারপাশে পোড়া ইটের তৈরী ছোট ছোট আটটি কক্ষ তৈরী করা হয়েছিল। ইটের তৈরী অন্য স্তুপার মাঝে একটি গর্ত আবিষ্কৃত হয়েছে যার মধ্য থেকে মাটির তৈরী সিল ও স্বর্ণমুদ্রা উদ্ধার করা হয়েছে। এছাড়াও এখানে সাত-আট শতকের দু'টি পাথরের মূর্তি, প্রচুর অদগ্ধ সীলমোহর ও নিবেদন স্তূপ পাওয়া গিয়েছে, যেগুলি শালবন বৌদ্ধ বিহার জাদুঘরে সংরক্ষণ করা হয়েছে।","Kotila Mura is an ancient site in the Mainamati cantonment area of ​​Comilla. Its location is about two miles south of the Dhaka-Comilla highway and about three miles north of Shalban Vihar. Kotila Mura is one of the important monuments of Lalmai Hills. After excavating the soil of this place, three piles were discovered here. These three stupas are believed to symbolize the tri-jewels of Buddhist philosophy, Buddha, Dharma and Sangha. Its location is the present Comilla Cantonment Headquarters.The structure is open for visitors from 10 am to 5 pm. Kotila Mura is one of the monuments of Abbasid Caliph Mu'tasim Billah (1282 - 1258). The construction dates from the seventh century to the thirteenth century. The round dome was built on a square foundation. On this dome there are hermics and pinnacles. In the middle of the central stupa is a circular room. Around this central room were built eight smaller rooms made of burnt bricks.A hole was discovered in another brick pile from which clay seals and gold coins were recovered. Also found here are two 7th-8th century stone statues, many burnt seals and offering stupas, which are preserved in the Shalvan Buddhist Vihara Museum."
9,lalbag,"লালবাগের কেল্লা (আওরঙ্গবাদ কেল্লা) ঢাকার দক্ষিণ-পশ্চিমাঞ্চলে বুড়িগঙ্গা নদীর তীরে অবস্থিত একটি অসমাপ্ত মুঘল দুর্গ।[১] এটির নির্মাণকাজ শুরু হয়েছিল ১৬৭৮ সালে, মুঘল সুবেদার মুহাম্মদ আজম শাহ কর্তৃক, যিনি ছিলেন সম্রাট আওরঙ্গজেবের পুত্র এবং পরবর্তীতে নিজেও সম্রাট পদপ্রাপ্ত হয়েছিলেন। কিন্তু পরে তিনি দিল্লিতে চলে যান এতে কাজ থেমে যায়। তার উত্তরসুরি, মুঘল সুবাদার শায়েস্তা খাঁ ১৬৮০ সালে নির্মাণকাজ পুনরায় শুরু করেন, কিন্তু শেষ করেননি। কারণ মুঘল সুবাদার শায়েস্তা খাঁ এর কন্যা পরী বিবি মারা যান। এ কারণে তিনি নির্মাণ কাজ থামিয়ে দেন।সম্রাট আওরঙ্গজেবের ৩য় পুত্র, মুঘল রাজপুত্র আজম শাহ বাংলার সুবেদার থাকাকালীন ১৬৭৮ সালে এটার নির্মাণকাজ শুরু করেন। তিনি বাংলায় ১৫ মাস ছিলেন। দুর্গের নির্মাণকাজ শেষ হবার আগেই মারাঠা বিদ্রোহ দমনের জন্য পিতা সম্রাট আওরঙ্গজেব তাকে দিল্লি ডেকে পাঠান। এসময় একটি মসজিদ ও দরবার হল নির্মাণের পর দুর্গ নির্মাণের কাজ থেমে যায়। সুবেদার শায়েস্তা খাঁ ১৬৮০ সালে পুনরায় বাংলার সুবেদার হিসেবে ঢাকায় এসে দুর্গের নির্মাণকাজ পুনরায় শুরু করেন। ১৬৮৪ সালে এখানে শায়েস্তা খাঁর কন্যা ইরান দুখত রাহমাত বানুর (পরী বিবি) মৃত্যু ঘটে। কন্যার মৃত্যুর পর শায়েস্তা খাঁ এ দুর্গটিকে অপয়া মনে করেন এবং ১৬৮৪ খ্রিষ্টাব্দে অসমাপ্ত অবস্থায় এর নির্মাণকাজ বন্ধ করে দেন। লালবাগের কেল্লার তিনটি প্রধান স্থাপনার একটি হল পরী বিবির সমাধি। শায়েস্তা খাঁ ঢাকা ত্যাগ করার পর এটি এর জনপ্রিয়তা হারায়। ঢাকা থেকে মুর্শিদাবাদে রাজধানী স্থানান্তর করা হয়েছিল; এটিই ছিল প্রধান কারণ। রাজকীয় মুঘল আমল সমাপ্ত হওয়ার পর দুর্গটি পরিত্যক্ত অবস্থায় রয়ে যায়। ","Lalbagh Fort (Aurangabad Fort) is an unfinished Mughal fort located on the banks of the Buriganga River, southwest of Dhaka. [1] Its construction began in 1678, by Mughal Subedar Muhammad Azam Shah, son of Emperor Aurangzeb and later emperor himself. But later he moved to Delhi and the work stopped. His successor, the Mughal Subadar Shaista Khan, resumed construction in 1680, but did not finish it.Because Pari Bibi, daughter of Mughal Subadar Shaista Khan, died. Because of this, he stopped the construction work. Mughal prince Azam Shah, the 3rd son of Emperor Aurangzeb, started its construction in 1678 when he was Subedar of Bengal. He stayed in Bengal for 15 months. Before the construction of the fort was completed, his father Emperor Aurangzeb sent him to Delhi to quell the Maratha rebellion. Meanwhile, after the construction of a mosque and Durbar hall, the construction of the fort stopped."
10,Liberation_War_Museum,"মুক্তিযুদ্ধ জাদুঘর মুক্তিযুদ্ধ-ভিত্তিক একটি জাদুঘর। এটি বাংলাদেশের একমাত্র মুক্তিযুদ্ধ জাদুঘর। এটি ঢাকার এফ-১১/এ-বি, সিভিক সেক্টর, আগারগাঁওয়ে অবস্থিত। বেসরকারি উদ্যোগে প্রতিষ্ঠিত এই জাদুঘরের উদ্বোধন হয় ১৯৯৬ সালের ২২ শে মার্চ। মুক্তিযুদ্ধের অনেক দুর্লভ বস্তু আছে এই জাদুঘরে ।১৯৯৬ সালের ২২ মার্চ সেগুনবাগিচার একটি সাবেকী ভবন ভাড়া নিয়ে যথাযথ সংস্কার শেষে দ্বার উদ্‌ঘাটন হয় মুক্তিযুদ্ধ জাদুঘরের। আটজন ট্রাস্টির উদ্যোগে ইতিহাসের স্মারক সংগ্রহ, সংরক্ষণ ও উপস্থাপনের এই প্রয়াস গোড়া থেকেই ব্যাপক মানুষের সমর্থন ও সহায়তায় ধন্য হয়েছে। বর্তমানে জাদুঘরের সংগ্রহভাণ্ডারে জমা হয়েছে ১৫,০০০-এরও বেশি স্মারক।১৯৯৯ সালে বাংলাদেশ সেনাবাহিনীর সহায়তায় মুক্তিযুদ্ধ জাদুঘর মিরপুরে মুসলিম বাজার ও জল্লাদখানা বধ্যভূমি খননের কাজ সম্পন্ন করে এবং পরে (২০০৮ সালে) জল্লাদখানা বধ্যভূমিতে একটি স্মৃতিপীঠ নির্মাণ করে। ‘মানুষের জন্য ফাউণ্ডেশন’এর অংশীদারত্বে নতুন প্রজন্মের কাছে ইতিহাস ও মানবাধিকার বিষয়ক প্রদর্শনীর বিশেষ আয়োজন করে মুক্তিযুদ্ধ জাদুঘর। এছাড়া মুক্তিযুদ্ধ জাদুঘরের রয়েছে গ্রন্থাগার ও তথ্য ভাণ্ডার এবং অডিও-ভিজ্যুয়াল সেন্টার।ভাড়া বাড়িতে জাদুঘরের কার্যক্রম পরিচালিত হওয়ায় স্থান-স্বল্পতার কারণে সংগৃহীত স্মারকসমূহ যথাযথভাবে প্রদর্শন করা সম্ভব না হওয়ায় তত্ত্বাবধায়ক সরকার রাজধানীর আগারগাঁও এলাকায় জাদুঘর ট্রাস্টের অনুকূলে ০.৮২ একর ভূমি বরাদ্দ দেয়। নভেম্বর ২০০৯-এ উন্মুক্ত স্থাপত্য নকশা প্রতিযোগিতার মাধ্যমে আন্তর্জাতিক জুরিবোর্ড মুক্তিযুদ্ধ জাদুঘরের স্থাপত্য-নকশা নির্বাচন চূড়ান্ত করে।","Liberation War Museum is a liberation war-based museum. It is the only liberation war museum in Bangladesh. It is located at F-11/A-B, Civic Sector, Agargaon, Dhaka. This museum established by private initiative was inaugurated on March 22, 1996. There are many rare objects of the liberation war in this museum.On March 22, 1996, an old building in Segunbagichar was rented and after proper renovation, the doors of the Liberation War Museum were opened. This effort to collect, preserve and present historical monuments under the initiative of eight trustees has been blessed with massive public support and assistance from the beginning. Currently, the museum has more than 15,000 memorabilia in its collection.In 1999, with the help of the Bangladesh Army, the Liberation War Museum completed the excavation of the Muslim Bazaar and Jaladkhana slaughterhouse in Mirpur and later (in 2008) built a memorial at the Jaladkhana slaughterhouse. Muktijudda Jadughar has organized a special exhibition on history and human rights for the new generation in partnership with Manush Aayi Foundation.Apart from this, the Liberation War Museum has a library and information repository and an audio-visual center. Since the museum is operating in a rented house, it is not possible to properly display the collected memorabilia due to lack of space. In November 2009, through an open architectural design competition, the International Jury Board finalized the architectural design selection for the Liberation War Museum."
11,Mahasthangarh,"মহাস্থানগড় বাংলাদেশের একটি অন্যতম প্রাচীন পুরাকীর্তি। প্রসিদ্ধ এই নগরী ইতিহাসে পুণ্ড্রবর্ধন বা পুণ্ড্রনগর নামেও পরিচিত ছিল।এক সময় মহাস্থানগড় বাংলার রাজধানী ছিল। যিশু খ্রিষ্টের জন্মেরও আগে অর্থাৎ প্রায় আড়াই হাজার বছর পূর্বে এখানে সভ্য জনপদ গড়ে উঠেছিল প্রত্নতাত্ত্বিক ভাবেই তার প্রমাণ মিলেছে। ২০১৬ সালে এটিকে সার্কের সাংস্কৃতিক রাজধানী হিসেবে ঘোষণা করা হয়।প্রাচীর বেষ্টিত এই নগরীর ভেতর রয়েছে বিভিন্ন আমলের প্রত্নতাত্ত্বিক নিদর্শন। কয়েক শতাব্দী পর্যন্ত এ স্থান মৌর্য, গুপ্ত, পাল, সেন শাসকবর্গের প্রাদেশিক রাজধানী ও পরবর্তীকালে হিন্দু সামন্ত রাজাদের রাজধানী ছিল। তৃতীয় খ্রিষ্টপূর্বাব্দ থেকে পঞ্চদশ খ্রিষ্টাব্দ পর্যন্ত অসংখ্য হিন্দু রাজা ও অন্যান্য ধর্মের রাজারা রাজত্ব করেন। মহাস্থানগড়ের অবস্থান বগুড়া জেলার শিবগঞ্জ উপজেলায় ।বগুড়া শহর থেকে প্রায় ১৩ কি.মি. উত্তরে করতোয়া নদীর পশ্চিম তীরে গেলে এই শহরের ধ্বংসাবশেষ দেখা যায়৷।বিখ্যাত চীনা পরিব্রাজক হিউয়েন সাঙ ৬৩৯ থেকে ৬৪৫ খ্রিষ্টাব্দের মধ্যবর্তী সময়ে পুন্ড্রনগরে এসেছিলেন। ভ্রমণের ধারাবিবরণীতে তিনি তখনকার প্রকৃতি ও জীবনযাত্রার উল্লেখ করে বর্ণনা দেন। বৌদ্ধ শিক্ষার জন্য প্রসিদ্ধ হওয়ায় চীন ও তিব্বত থেকে ভিক্ষুরা তখন  মহাস্থানগড়ে আসতেন লেখাপড়া করতে৷ এরপর তারা বেরিয়ে পড়তেন দক্ষিণ ও পূর্ব এশিয়ার বিভিন্ন দেশে। সেখানে গিয়ে তারা বৌদ্ধ ধর্মের শিক্ষার বিস্তার ঘটাতেন৷সেন বংশের শেষ রাজা লক্ষ্মণসেন (১০৮২-১১২৫) যখন গৌড়ের রাজা ছিলেন তখন এই গড় অরক্ষিত ছিল। মহাস্থানের রাজা ছিলেন নল যার বিরোধ লেগে থাকত তার ভাই নীল এর সাথে।","Mahasthangarh is one of the oldest monuments of Bangladesh. This famous city was also known as Pundravardhan or Pundranagar in history. Once Mahasthangarh was the capital of Bengal. Before the birth of Jesus Christ, i.e. about two and a half thousand years ago, the civilized town was established here. Archaeological evidence has been found. It was declared as the cultural capital of SAARC in 2016. The walled city has archeological monuments from different eras.For several centuries this place was the provincial capital of Maurya, Gupta, Pala, Sena rulers and later the capital of Hindu feudal kings. Numerous Hindu kings and kings of other religions ruled from the third century BC to the fifteenth century AD. Mahasthangarh is located in Shibganj upazila of Bogra district.About 13 km from Bogra city. In the north, the ruins of this city can be seen on the west bank of the river Karatoa. The famous Chinese traveler Hiuen Tsang visited Pundranagar between 639 and 645 AD. In his travelogue he describes the nature and lifestyle of the time. Being famous for Buddhist education, monks from China and Tibet used to come to Mahasthangarh to study Then they went out to different countries in South and East Asia.They went there to spread the teachings of Buddhism. This Garu was unprotected when Lakshmanasena (1082-1125), the last king of the Sena dynasty, was the king of Gaur. The king of Mahasthan was Nala who was in conflict with his brother Neel."
12,Mujibnagar_Memorial_Complex,মুজিবনগর স্মৃতিসৌধ মেহেরপুর জেলার মুজিবনগরে অবস্থিত। মুক্তিযুদ্ধকালীন সময়ে বাংলাদেশের অস্থায়ী সরকার যেখানে গঠিত হয় সেখানে এই স্মৃতিসৌধটি গড়ে তোলা হয়েছে। এর স্থপতি তানভীর করিম।মুজিবনগর স্মৃতিসৌধ নির্মাণের মূল কাজ শুরু হয় ১৯৮৭ সালে। তৎকালীন প্রেসিডেন্ট হুসেইন মুহাম্মদ এরশাদ স্বাধীনতার স্মৃতি ধরে রাখতে ২৩ স্তরের স্মৃতিসৌধ গড়ে তোলেন। ১৯৯৬ সালে শেখ হাসিনা মুজিবনগর কমপ্লেক্সের নির্মাণ কাজ শুরু করেন। ১৯৭১ সালের ১৭ই এপ্রিল বাংলাদেশের অস্থায়ী সরকার যে স্থানে শপথ গ্রহণ করে ঠিক সেই স্থানে ২৪ ফুট দীর্ঘ ও ১৪ ফুট প্রশস্ত সিরামিকের ইট দিয়ে একটি আয়তকার লাল মঞ্চ তৈরি করা হয়েছে। যা মুজিবনগর স্মৃতিসৌধের ভিতরে মাঝখানে।স্মৃতিসৌধটি ২৩ টি ত্রিভূজাকৃতি দেয়ালের সমন্বয়ে গঠিত। যা বৃত্তাকার উপায়ে সারিবদ্ধভাবে সাজানো রয়েছে। ২৩ টি দেয়াল (আগস্ট ১৯৪৭ থেকে মার্চ ১৯৭১)- এই ২৩ বছরের স্বাধীনতা আন্দোলনের প্রতীক হিসেবে ব্যবহৃত হয়েছে। প্রথম দেয়ালটির উচ্চতা ৯ ফুট ৯ ইঞ্চি এবং দৈর্ঘ্য ২০ ফুট। পরবর্তী প্রতিটি দেয়ালকে ক্রমান্বয়ে দৈর্ঘ্য ১ ফুট ও উচ্চতা ৯ ইঞ্চি করে বাড়ানো হয়েছে। যা দ্বারা বুঝানো হয়েছে বাংলাদেশ তার স্বাধীনতার জন্য ৯ মাস ধরে যুদ্ধ করেছিল। শেষ দেয়ালের উচ্চতা ২৫ ফুট ৬ ইঞ্চি ও দৈর্ঘ্য ৪২ ফুট। প্রতিটি দেয়ালের ফাঁকে অসংখ্য ছিদ্র আছে যেগুলোকে পাকিস্তানি শাসক গোষ্ঠীর অত্যাচারের চিহ্ন হিসেবে প্রদর্শন করা হয়েছে।স্মৃতিসৌধটির ভূমি থেকে ২ ফুট ৬ ইঞ্চি উঁচু বেদীতে অসংখ্য গোলাকার বৃত্ত রয়েছে যা দ্বারা ১ লক্ষ বুদ্ধিজীবির খুলিকে বোঝানো হয়েছে।,"Mujibnagar Memorial is located at Mujibnagar in Meherpur district. This memorial was built at the place where the Provisional Government of Bangladesh was formed during the Liberation War. Its architect is Tanveer Karim. The main work of construction of Mujibnagar Memorial started in 1987. The then President Hussain Muhammad Ershad built a 23-tiered memorial to commemorate independence. In 1996, Sheikh Hasina started the construction of Mujibnagar Complex.A 24-feet long and 14-feet wide ceramic brick rectangular red stage has been constructed at the spot where the Provisional Government of Bangladesh was sworn in on 17 April 1971. which is in the middle inside the Mujibnagar Memorial. The memorial consists of 23 triangular walls. which are arranged in a circular manner. 23 Walls (August 1947 to March 1971) – These 23 years have been used to symbolize the freedom movement.The first wall is 9 feet 9 inches high and 20 feet long. Each subsequent wall is progressively increased by 1 foot in length and 9 inches in height. By which means Bangladesh fought for its freedom for 9 months. The end wall is 25 feet 6 inches high and 42 feet long. There are numerous holes in each wall which are displayed as a sign of the atrocities committed by the Pakistani regime.The altar, 2 feet 6 inches above the ground of the memorial, has numerous round circles representing the skulls of 1 lakh intellectuals."
13,Muktagacha_Rajbari,"আট-আনী জমিদার বাড়ি বা মুক্তাগাছার রাজবাড়ী বাংলাদেশের ময়মনসিংহ জেলার মুক্তাগাছা উপজেলায় অবস্থিত একটি প্রাচীন জমিদার বাড়ী। ময়মনসিংহ থেকে ১৬ কিলোমিটার পশ্চিমে ময়মনসিংহ টাঙ্গাইল ও ময়মনসিংহ জামালপুর মহাসড়কের সংযোগ স্থল থেকে ১ কিলোমিটার উত্তর পূর্বদিকে মুক্তাগাছার রাজবাড়ির অবস্থান। মুক্তাগাছার তদানীন্তন জমিদার ব্রিটিশ রাজন্য কর্তৃক প্রথমে রাজা এবং পরে মহারাজা উপাধি পেয়েছিলেন বিধায় জমিদারের বাসভবন রাজবাড়ী হিসেবে আখ্যায়িত হতো।জমিদার আচার্য চৌধুরী বংশ মুক্তাগাছা শহরের গোড়াপত্তন করেন। আচার্য চৌধুরী বংশ শহরের গোড়াপত্তন করে এখানেই বসতি স্থাপন করেন। আচার্য চৌধুরী বংশের প্রথম পুরুষ শ্রীকৃষ্ণ আচার্য চৌধুরী ছিলেন বগুড়ার বাসিন্দা। তিনি মুর্শিদাবাদের দরবারে রাজস্ব বিভাগে কর্মরত ছিলেন। তিনি ছিলেন নবাবের খুবই আস্থাভাজন। নবাবের দরবারে রাজস্ব বিভাগে কর্মরত থাকা অবস্থায় ১১৩২ সালে তিনি সেই সময়ের আলাপসিং পরগণার বন্দোবস্ত নিয়েছিলেন। উল্লেখ করা যেতে পারে যে, বর্তমানে মুক্তাগাছা শহরসহ মুক্তাগাছা উপজেলার বেশিরভাগই ছিল তৎকালীন আলাপসিং পরগণার অন্তর্ভুক্ত।১৭৫৭ খ্রিস্টাব্দে পলাশীর যুদ্ধ শেষ হওয়ার পর নানা কারণে শ্রীকৃষ্ণ আচার্য চৌধুরীর চার ছেলে বগুড়া থেকে আলাপসিং-এ এসে বসবাসের জন্য সিদ্ধান্ত গ্রহণ করেন। শ্রীকৃষ্ণ আচার্য চৌধুরীর এই চার ছেলে হচ্ছে রামরাম, হররাম, বিষ্ণুরাম ও শিবরাম। বসতি স্থাপনের আগে তারা এ পরগণার বিভিন্ন স্থান ঘুরে ফিরে দেখেন এবং বর্তমান মুক্তাগাছা এলাকায় বসতি স্থাপনের জন্য মনস্থির করেন। ","At-Ani Zamindar Bari or Muktagachhar Rajbari is an ancient zamindar house located in Muktagachha Upazila of Mymensingh District, Bangladesh. 16 km west of Mymensingh, Mymensingh Tangail and Mymensingh Jamalpur highway junction, 1 km northeast of Muktagachhar Rajbari. Since then the zamindar of Muktagacha was given the title of first Raja and then Maharaja by the British Raj, so the zamindar's residence was called Rajbari.Zamindar Acharya Chowdhury founded the town of Muktagacha. Acharya Chowdhury clan founded the city and settled here. Shri Krishna Acharya Chowdhury, the first male of the Acharya Chowdhury clan, was a resident of Bogra. He was working in the revenue department at the Durbar of Murshidabad. He was a very confidant of the Nawab.In 1132 he settled the then Alapsingh pargana while serving in the revenue department at the Nawab's court. It may be mentioned that most of the Muktagachha upazila, including Muktagachha town, was included in the Alapsing Pargana at that time. After the end of Palashi war in 1757 AD, due to various reasons, the four sons of Shri Krishna Acharya Chowdhury decided to come and live in Alapsingh from Bogra.These four sons of Shri Krishna Acharya Chowdhury are Ramram, Harram, Vishnuram and Shivaram. Before settling, they visited different places in this pargana and decided to settle in the present Muktagacha area."
14,National_Martyrs,"জাতীয় স্মৃতিসৌধ বাংলাদেশের স্বাধীনতা যুদ্ধে নিহত মুক্তিযোদ্ধা ও নিহত বেসামরিক বাঙালি ও অবাঙ্গালিদের স্মৃতির উদ্দেশ্যে নিবেদিত একটি স্মারক স্থাপনা। এটি সাভারে অবস্থিত। এর নকশা প্রণয়ন করেছেন স্থপতি সৈয়দ মাইনুল হোসেন।এখানে মুক্তিযুদ্ধে নিহতদের দশটি গণকবর রয়েছে।বিদেশি রাষ্ট্রনায়কগণ সরকারিভাবে বাংলাদেশ সফরে আগমন করলে এই স্মৃতিসৌধে শ্রদ্ধা নিবেদন রাষ্ট্রাচারের অন্তর্ভুক্ত।১৯৭২ খ্রিস্টাব্দের ১৬ ডিসেম্বর বিজয় দিবসে বাংলাদেশের তৎকালীন রাষ্ট্রপতি শেখ মুজিবুর রহমান ঢাকা শহর থেকে ২৫ কিলোমিটার দূরে ঢাকা-আরিচা মহাসড়কের পাশে নবীনগরে এই স্মৃতিসৌধের শিলান্যাস করেন। ১৯৭৮ খ্রিষ্টাব্দে রাষ্ট্রপতি জিয়াউর রহমান স্মৃতিসৌধটি নির্মাণের উদ্যোগ গ্রহণ করেন এবং নকশা আহবান করা হয়। ১৯৭৮-এর জুন মাসে প্রাপ্ত ৫৭টি নকশার মধ্যে সৈয়দ মাইনুল হোসেন প্রণীত নকশাটি গৃহীত হয়। ১৯৭৯ খ্রিষ্টাব্দে মূল স্মৃতিসৌধের নির্মাণ কাজ শুরু হয় এবং ১৯৮২ খ্রিষ্টাব্দে বিজয় দিবসের অল্প পূর্বে সমাপ্ত হয়। ২০০২ খ্রিষ্টাব্দে গৃহীত প্রকল্প অনুযায়ী এখানে একটি অগ্নিশিখা, সুবিস্তৃত ম্যুরাল এবং একটি গ্রন্থাগার স্থাপনের পরিকল্পনা আছে।বাংলাদেশ সফরকারী বিদেশি রাষ্ট্রপ্রধানগণ নিজ হাতে এখানে স্মারক বৃক্ষরোপণ করে থাকেন। স্মৃতিসৌধের মিনার ব্যতীত প্রকল্পটির মহা-পরিকল্পনা ও নৈসর্গিক পরিকল্পনাসহ অন্য সকল নির্মাণ কাজের স্থাপত্য নকশা প্রণয়ন করে গণপ্রজাতন্ত্রী বাংলাদেশ সরকারের স্থাপত্য অধিদপ্তর। নির্মাণ কাজের গোড়াপত্তন হয় ১৯৭২ খ্রিষ্টাব্দের জুলাই মাসে এবং শেষ হয় ১৯৮৮ খ্রিষ্টাব্দের মাসে। গণপ্রজাতন্ত্রী বাংলাদেশ সরকারের গৃহায়ন ও গণপূর্ত মন্ত্রণালয়ধীন গণপূর্ত অধিদপ্তর সমগ্র নির্মাণকাজ সম্পন্ন করে। বর্তমানে সৌধটির নির্মাণকাজ তিন পর্যায়ে মোট ১৩.০০ কোটি টাকা ব্যয়ে সম্পন্ন হয়।","The National Memorial is a memorial dedicated to the memory of the freedom fighters and civilian Bengalis and non-Bengalis who died in the Bangladesh War of Independence. It is located in Savar. It was designed by architect Syed Mainul Hossain. There are ten mass graves of those who died in the war of liberation. When foreign statesmen come on official visits to Bangladesh, paying respects at this memorial is part of the state culture.On December 16, 1972, the then President of Bangladesh Sheikh Mujibur Rahman laid the foundation stone of this memorial at Nabinagar, 25 kilometers from Dhaka city, on the side of the Dhaka-Aricha highway. In 1978, President Ziaur Rahman initiated the construction of the memorial and the design was invited. Among the 57 designs received in June 1978, the design by Syed Mainul Hossain was accepted.Construction of the main memorial began in 1979 AD and was completed shortly before Victory Day in 1982 AD. According to the project adopted in 2002 AD, there are plans to establish a bonfire, elaborate murals and a library. Foreign heads of state visiting Bangladesh plant memorial trees here with their own hands.Apart from the minaret of the memorial, the architectural design of all other cnstructions."
15,Osmani_Museum,"ওসমানী জাদুঘর হচ্ছে বাংলাদেশের সিলেট জেলার কোতোয়ালী থানায় অবস্থিত একটি জাদুঘর। বাংলাদেশ সামরিক বাহিনীর সর্বাধিনায়ক (১২ এপ্রিল ১৯৭১– ৭ এপ্রিল ১৯৭২) বঙ্গবীর জেনারেল মুহাম্মদ আতাউল গনি ওসমানীর পৈতৃক নিবাস থেকে পরিবর্তন করে বর্তমান ওসমানী জাদুঘরে স্থানান্তর করা হয়। এটি সিলেটের ধোপা দিঘীর পাড় এলাকায় অবস্থিত।ওসমানী জাদুঘর সিলেট ওসমানী আন্তর্জাতিক বিমানবন্দর থেকে ১২ কিলোমিটার দূরে এবং সিলেট রেলওয়ে স্টেশন থেকে ৩ কিলোমিটার দূরে অবস্থিত।স্বাধীনতা যুদ্ধের সময় বাংলাদেশের মহান মুক্তিযোদ্ধা এম এ জি ওসমানীর অসামান্য অবদানের প্রতি গভীর শ্রদ্ধা জানিয়ে বাংলাদেশ জাতীয় জাদুঘর কর্তৃক এই জাদুঘরটি রক্ষণাবেক্ষণ এবং পরিচালিত হয়।এই জাদুঘর নতুন প্রজন্মের জন্য নিঃসন্দেহে উদ্দীপনার উৎস হয়ে কাজ করবে। এই জাদুঘরের ভিত্তি প্রস্তর ১৯৮৫ সালের ১৬ই ফেব্রুয়ারি স্থাপন করা হয় এবং ৪ মার্চ ১৯৮৭ সালে তৎকালীন বাংলাদেশের রাষ্ট্রপতি হুসেইন মুহাম্মদ এরশাদ কর্তৃক উদ্বোধন করা হয়।নূর মঞ্জিল হচ্ছে পাশের এবং কিছু কক্ষ সমেত টিনের-চালার একটি বিশাল ভবন যার সামনে একটি বারান্দা রয়েছে। জাদুঘরে পৌঁছানোর জন্য প্রধান গেট থেকে মাত্র কয়েক মিটার হাঁটতে হয়। প্রবেশকক্ষে দর্শনার্থীদের অভ্যর্থনা জানাতে জেনারেলের বিপুল প্রতিকৃতি রয়েছে। অথিতিদের স্বাগত জানানোর জন্য অভ্যর্থনাকারীরা রয়েছেন। অভ্যর্থনা কক্ষে একজন দর্শনার্থীদের নাম এবং ঠিকানা লিখায় নিয়োজিত থাকেন। প্রবেশকক্ষে বসার জন্য একটি মানানসই জায়গাও রয়েছে। ঐতিহাসিক এই জাদুঘরটিতে তিনটি গ্যালারী আছে, যেখানে জেনারেল ওসমানীর ব্যক্তিগত জিনিসপত্র এবং উল্লেখযোগ্য সংখ্যক ঐতিহাসিক আলোকচিত্র সংরক্ষিত করে রাখা হয়েছে।","Osmani Museum is a museum located in Kotwali Police Station in Sylhet District, Bangladesh. Bangladesh Army Chief (12 April 1971 – 7 April 1972) Bangbir General Muhammad Ataul Gani Osmani's ancestral residence was shifted to the present Osmani Museum. It is located in Dhopa Dighi Par area of Sylhet. Osmani Museum is 12 km from Sylhet Osmani International Airport and 3 km from Sylhet Railway Station.The museum is maintained and managed by the Bangladesh National Museum with deep respect for the outstanding contribution of MAG Osmani, the great freedom fighter of Bangladesh during the war of independence.This museum will undoubtedly serve as a source of inspiration for the new generation. The foundation stone of this museum was laid on 16 February 1985 and inaugurated on 4 March 1987 by the then President of Bangladesh Hussain Muhammad Ershad.Noor Manzil is a large tin-tiled building with adjoining and some rooms with a verandah in front. It is only a few meters walk from the main gate to reach the museum. A huge portrait of the general greets visitors in the entrance hall. Receptionists are on hand to welcome guests.A person in the reception room is engaged in writing down the names and addresses of the visitors. There is also a suitable sitting area in the entrance hall. This historical museum has three galleries, where General Osmani's personal belongings and a storical ographs are preserved."
16,panam city,"পানাম নগর নারায়ণগঞ্জ জেলার, সোনারগাঁওতে অবস্থিত একটি ঐতিহ্যবাহী প্রাচীন শহর। বড় নগর, খাস নগর, পানাম নগর -প্রাচীন সোনারগাঁর এই তিন নগরের মধ্যে পানাম ছিলো সবচেয়ে আকর্ষণীয়।এখানে কয়েক শতাব্দী পুরনো অনেক ভবন রয়েছে, যা বাংলার বার ভূইয়াঁদের ইতিহাসের সাথে সম্পর্কিত। সোনারগাঁর ২০ বর্গকিলোমিটার এলাকাজুড়ে এই নগরী গড়ে ওঠে।সোনারগাঁ লোক ও কারুশিল্প জাদুঘর থেকে উত্তর দিকে হাঁটাপথেই পৌঁছানো যায় অর্ধ্বচন্দ্রাকৃতি পানাম পুলে। (যদিও পুলটি ধ্বংস হয়ে গেছে)। পুলটির দৈর্ঘ্য ছিলো ৭২ ফুট আর প্রস্থ ছিলো ১৫.৫ ফুট মাঝখানটা ছিলো উঁচু। এই পুল পেরিয়েই পানাম নগর এবং নগরী চিরে চলে যাওয়া পানাম সড়ক। আর সড়কের দুপাশে সারি সারি আবাসিক একতলা ও দ্বিতল বাড়িতে ভরপুর পানাম নগর।১৫ শতকে ঈসা খাঁ বাংলার প্রথম রাজধানী স্থাপন করেছিলেন সোনাগাঁওয়ে। পূর্বে মেঘনা আর পশ্চিমে শীতলক্ষ্যা নদীপথে বিলেত থেকে আসতো বিলাতি থানকাপড়, দেশ থেকে যেতো মসলিন। শীতলক্ষ্যা আর মেঘনার ঘাটে প্রতিদিনই ভিড়তো পালতোলা নৌকা। প্রায় ঐসময়ই ইস্ট ইন্ডিয়া কোম্পানীর বাণিজ্যিক কার্যক্রম ও চিরস্থায়ী বন্দোবস্তের ফলে ইউরোপীয় অনুপ্রেরণায় নতুন ঔপনিবেশিক স্থাপত্যরীতিতে গড়ে উঠে পানাম নগরী। পরবর্তিতে এই পোশাক বাণিজ্যের স্থান দখল করে নেয় নীল বাণিজ্য। ইংরেজরা এখানে বসিয়েছিলেন নীলের বাণিজ্যকেন্দ্র।১৬১১ খ্রিষ্টাব্দে মোঘলদের সোনারগাঁ অধিকারের পর সড়ক ও সেতু নির্মাণের ফলে রাজধানী শহরের সাথে পানাম এলাকার সরাসরি যোগাযোগ স্থাপিত হয়।","Panam Nagar is a traditional ancient town located in Sonargaon, Narayanganj district. Bara Nagar, Khas Nagar, Panam Nagar - Ancient Sonargaon Panam was the most interesting of these three cities. There are many centuries old buildings, which are related to the history of Bar Bhuiyans of Bengal. Sonargaon is spread over an area of ​​20 square kilometers. From the Sonargaon Folk and Crafts Museum, one can reach the crescent-shaped Panam Pool by walking towards the north.(Although the pool is destroyed). The length of the pool was 72 feet and the width was 15.5 feet with a high center. Panam Nagar and Panam Road pass through this bridge. And on both sides of the road, Panam Nagar is full of residential one-story and two-story houses. In the 15th century, Isa Khan established the first capital of Bengal at Sonagaon. Bilati Thankapar came from Bilat via the Meghna in the east and Shitalakshya in the west, and muslin went from the country. Shitalakshya and Meghna Ghats were crowded with sailing boats every day.Around that time, as a result of East India Company's commercial activities and permanent settlements, the city of Panam was built in a new colonial style of European inspiration.Later this clothing trade was taken over by blue trade. The English established a trading center for indigo here. After the possession of Sonargaon by the Mughals in 1611 AD, the construction of roads and bridges led to the direct communication of the Panam area with the capital city."
17,Shaheed_Minar,"কেন্দ্রীয় শহীদ মিনার বা জাতীয় শহীদ মিনার ১৯৫২ খ্রিষ্টাব্দের ভাষা আন্দোলনের স্মৃতিসৌধ। এটি বাংলাদেশের রাজধানী ঢাকার কেন্দ্রস্থলে ঢাকা মেডিক্যাল কলেজের বহিঃপ্রাঙ্গণে অবস্থিত। প্রতি বছর ২১শে ফেব্রুয়ারিতে এখানে হাজার হাজার মানুষ উপস্থিত হয়ে ভাষা আন্দোলনের শহীদদের প্রতি শ্রদ্ধার্ঘ্য নিবেদন করে। এটি ঢাকার কেন্দ্রস্থলে অবস্থিত অন্যতম পর্যটন কেন্দ্র।প্রথম শহীদ মিনার নির্মিত হয়েছিল অতিদ্রুত এবং নিতান্ত অপরিকল্পিতভাবে। ঢাকা মেডিকেল কলেজের ছাত্ররা ১৯৫২ খ্রিষ্টাব্দের ২৩ ফেব্রুয়ারি বিকেলে স্মৃতিস্তম্ভ নির্মাণ শুরু করে রাত্রির মধ্যে তা’ সম্পন্ন করে। শহীদ মিনারের খবর কাগজে পাঠানো হয় ঐ দিনই। শহীদ বীরের স্মৃতিতে - এই শিরোনামে দৈনিক আজাদ পত্রিকায় ছাপা হয় শহীদ মিনারের খবর।মিনারটি তৈরি হয় মেডিকেলের ছাত্র হোস্টেলের (ব্যারাক) বার নম্বর শেডের পূর্ব প্রান্তে। কোণাকুণিভাবে হোস্টেলের মধ্যবর্তী রাস্তার গা-ঘেঁষে। উদ্দেশ্য বাইরের রাস্তা থেকে যেন সহজেই চোখে পড়ে এবং যে কোনো শেড থেকে বেরিয়ে এসে ভেতরের লম্বা টানা রাস্তাতে দাঁড়ালেই চোখে পড়ে। শহীদ মিনারটি ছিল ১০ ফুট উঁচু ও ৬ ফুট চওড়া। মিনার তৈরির তদারকিতে ছিলেন জিএস শরফুদ্দিন (ইঞ্জিনিয়ার শরফুদ্দিন নামে পরিচিত), নকশা করেছিলেন বদরুল আলম; সাথে ছিলেন সাঈদ হায়দার। তাদের সহযোগিতা করেন দুইজন রাজমিস্ত্রী। মেডিকেল কলেজের সম্প্রসারণের জন্য জমিয়ে রাখা ইট, বালি এবং পুরান ঢাকার পিয়ারু সর্দারের গুদাম থেকে সিমেন্ট আনা হয়। ভোর হবার পর একটি কাপড় দিয়ে ঢেকে দেওয়া হয় মিনারটি। ঐ দিনই অর্থাৎ ২৪ ফেব্রুয়ারি সকালে, ২২ ফেব্রুয়ারির শহীদ শফিউরের পিতা অনানুষ্ঠানিকভাবে শহীদ মিনারের উদ্বোধন করেন।","Central Shaheed Minar or National Shaheed Minar is a memorial to the language movement of 1952 AD. It is located in the courtyard of Dhaka Medical College in the heart of Dhaka, the capital of Bangladesh. Thousands of people come here every year on 21st February to pay their respects to the martyrs of language movement. It is one of the tourist centers located in the heart of Dhaka. The first Shaheed Minar was built very quickly and completely unplanned.The students of Dhaka Medical College started building the monument in the afternoon of 23 February 1952 and completed it during the night. Shaheed Minar news was sent to the paper that day. In the memory of Shaheed Vir - Daily Azad published the news of Shaheed Minar under this title. The minaret is built at the eastern end of shed number 1 of the medical student hostel (barracks).Around the corner between the hostel and the road. The objective is to be easily visible from the road outside and visible from any shed and standing on the long stretch of road inside. The Shaheed Minar was 10 feet high and 6 feet wide. Construction of the minaret was supervised by GS Sharfuddin (known as Engineer Sharfuddin), designed by Badrul Alam; Saeed Haider was with him. They were assisted by two masons.Bricks, sand and cement stored for the expansion of the medical college were brought from Piaru Sardar's warehouse in Old Dhaka. After dawn the minaret is covered with a cloth. On the same day "
18,Shalbon_Bihar,"শালবন বৌদ্ধ বিহার বাংলাদেশের প্রাচীন সভ্যতার নিদর্শনগুলোর মধ্যে অন্যতম। কুমিল্লা জেলার লালমাই-ময়নামতি প্রত্নস্থলের অসংখ্য প্রাচীন স্থাপনাগুলোর একটি এই বৌদ্ধ বিহার । এটি ১২শ প্রত্নতাত্ত্বিক এলাকা হিসেবে চিহ্নিত।কুমিল্লার ময়নামতিতে খননকৃত সব প্রত্নতাত্ত্বিক নিদর্শনের মধ্যে শালবন বিহার অন্যতম প্রধান। কোটবাড়িতে বার্ডের কাছে লালমাই পাহাড়ের মাঝামাঝি এলাকায় এ বিহারটির অবস্থান। বিহারটির আশপাশে এক সময় শাল-গজারির ঘন বন ছিল বলে এ বিহারটির নামকরণ হয়েছিল শালবন বিহার।এর সন্নিহিত গ্রামটির নাম শালবনপুর। এখনো ছোট একটি বন আছে সেখানে। এ বিহারটি পাহাড়পুর বৌদ্ধ বিহারের মতো হলেও আকারে ছোট।আকারে এটি চৌকো। শালবন বিহারের প্রতিটি বাহু ১৬৭.৭ মিটার দীর্ঘ। বিহারের চার দিকের দেয়াল পাঁচ মিটার পুরু। কক্ষগুলো বিহারের চার দিকের বেষ্টনী দেয়াল পিঠ করে নির্মিত। বিহারে ঢোকা বা বের হওয়ার মাত্র একটাই পথ ছিল। এ পথ বা দরজাটি উত্তর ব্লকের ঠিক মাঝামাঝি স্থানে রয়েছে। প্রতিটি কক্ষের মাঝে ১.৫ মিটার চওড়া দেয়াল রয়েছে। বিহার অঙ্গনের ঠিক মাঝে ছিল কেন্দ্রীয় মন্দির।বিহারে সর্বমোট ১১৫ টি কক্ষ আছে। কক্ষের সামনে ৮.৫ ফুট চওড়া টানা বারান্দা ও তার শেষ প্রান্তে অনুচ্চ দেয়াল। প্রতিটি কক্ষের দেয়ালে তিনটি করে কুলুঙ্গি রয়েছে। কুলুঙ্গিতে দেবদেবীর মূর্তি, তেলের প্রদীপ ইত্যাদি রাখা হতো। এই কক্ষগুলোতে বৌদ্ধ ভিক্ষুরা থাকতেন। সেখানে বিদ্যাশিক্ষা ও ধর্মচর্চা করতেন।","Shalban Buddhist Vihara is one of the monuments of ancient civilization of Bangladesh. This Buddhist monastery is one of the numerous ancient structures in the Lalmai-Mainamati archaeological site of Comilla district. It is identified as 12th century archaeological site. Shalban Vihar is one of the major archaeological sites excavated in Comilla's Mainamati. The location of this monastery is in the middle of Lalmai hill near Bard in Kotbari. This Vihar was named Shalban Vihar as there was once a dense forest of Shal-Gazari around the Vihar.Its adjacent village is called Shalbanpur. There is still a small forest there. This monastery is similar to Paharpur Buddhist monastery but smaller in size. It is square in shape. Each arm of Shalban Bihar is 167.7 meters long. The walls of Bihar on four sides are five meters thick. The rooms are built on four sides of the walls of Bihar. There was only one way in or out of Bihar. This path or door is right in the middle of the north block.Each room has a 1.5 meter wide wall between them. The central temple was right in the middle of the Bihar Angan. There are a total of 115 rooms in the Bihar. In front of the room is a 8.5 ft. wide verandah and a low wall at its end. Each room has three niches in the wall. Idols of gods and goddesses, oil lamps etc. were kept in niches. Buddhist monks lived in these rooms. He used to study and practice religion there."
19,Shrine_of_Hazarat_Shah_Jalal,"শাহ জালালের দরগাহ, সিলেট শহরের একটি আধ্যাত্মিক স্থাপনা, যা মূলত ১৩০৩ খ্রিষ্টাব্দে বাংলাদেশে আগত পাশ্চাত্যের ইসলাম ধর্মপ্রচারক শাহ জালালের বাসস্থান ও শেষ সমাধি। এই দরগাহ সিলেট শহরের উত্তর প্রান্তে একটি টিলার উপর অবস্থিত। কারো কারো মতে সিলেট ভূমির মুসলিম সভ্যতা ও ধর্মমত এই দরগাহকে কেন্দ্র করে প্রসার লাভ করেছে। শাহ জালালের লৌকিক ও অলৌকিক স্মৃতি বিজড়িত এই স্থান সিলেটের অন্যতম পূণ্য তীর্থ হিসেবে পরিচিত।ঐতিহাসিক অচ্যুৎচরণ চৌধুরী তত্ত্বনিধির মতে এই দরগাহ থেকে প্রেরিত শাহ জালালের সঙ্গী অনুসারীদের দ্বারা ঢাকা, ময়মনসিংহ, ত্রিপুরা, কুমিল্লা ও আসাম প্রভৃতি স্থানে মুসলিম সংস্কৃতি ও ঐতিহ্যের প্রচার ও প্রসার হয়েছে।বাংলাদেশ ও ভারতের বিভিন্ন অঞ্চল থেকে বাৎসরিক উরস (স্থানীয় উচ্চারণ: উরুস) উপলক্ষে প্রতিবছর হাজার হাজার লোক এখানে এসে শাহ জালালের উপলক্ষ ধরে (অসিলা) স্রষ্টার কাছে ভক্তি নিবেদন ও কৃতজ্ঞতা জানান।সিলেট বিজয়ের পর দিল্লীর সুলতান শামসুদ্দীন ফিরোজ শাহ, শাহ জালালকে সিলেটের শাসনভার গ্রহণের প্রস্তাব করেন। কিন্তু শাহ জালাল এই প্রস্তাব প্রত্যাখ্যান করেন। পরবর্তিতে সুলতান বিশেষ ঘোষণা জারি করে সিলেট শহরের (কসবে সিলেট) খাজানা মুক্ত করে দরবেশকে সম্মানীত করেন যা এখনো (দরগাহর সংশ্লিষ্ট এলাকা) বলবত আছে।সুলতানি আমল হতে প্রথা অনুযায়ী নবাব, বাদশা বা রাজকর্মচারীদের মধ্যে যারা সিলেট আসতেন, নানা প্রকার দালান ইত্যাদি নির্মাণ করে সম্মানের সাথে দরগাহের সংস্কার ও প্রসার সাধন করতেন। দরগাহ চত্বরে অবস্থিত স্থাপনা গুলো সুলতান ও মোগলদের আমলের নির্মিত বলে তাম্রফলক ও প্রস্তরফলকে লিখিত বিভিন্ন নিদর্শন রয়েছে।","Shah Jalal's Dargah, a spiritual edifice in Sylhet city, is originally the residence and final resting place of Shah Jalal, the Islamic missionary to the West who came to Bangladesh in 1303 AD. This dargah is situated on a hill at the northern edge of Sylhet city. According to some, the Muslim civilization and religion of Sylhet land flourished around this dargah.This place is known as one of the holy pilgrimages of Sylhet, where the mundane and supernatural memories of Shah Jalal are interwoven. According to the historical interpretation Chowdhury Tattanidhi, the followers of Shah Jalal sent from this dargah spread the Muslim culture and traditions in places like Dhaka, Mymensingh, Tripura, Comilla and Assam. Thousands of people come here every year from different parts of Bangladesh and India for the annual Urs (local pronunciation: Urus).After the victory of Sylhet, Sultan Shamsuddin Firoz Shah of Delhi proposed Shah Jalal to take over the administration of Sylhet. But Shah Jalal rejected this proposal. Later, the Sultan issued a special proclamation and honored the dervish by freeing the tax of the city of Sylhet (Kasbe Sylhet) which is still in force (the area related to the Dargah). According to the custom from the Sultanate period, among the Nawabs, Badshahs or royal servants who came to Sylhet,He renovated and expanded the dargah with respect by constructing various buildings etc. The structures located in the Dargah square are built during the Sultan and Mughal period, there are various signs written on copper plates and stone plates."
20,Sixty_Dome_Mosque,"ষাট গম্বুজ মসজিদ বাংলাদেশের বাগেরহাট জেলার দক্ষিণ-পশ্চিমে অবস্থিত একটি প্রাচীন মসজিদ। মসজিদটির গায়ে কোনো শিলালিপি নেই। তাই এটি কে নির্মাণ করেছিলেন বা কোন সময়ে নির্মাণ করা হয়েছিল সে সম্বন্ধে সঠিক কোনো তথ্য পাওয়া যায় না। তবে মসজিদটির স্থাপত্যশৈলী দেখলে এটি যে পীর খান জাহান আলীনির্মাণ করেছিলেন সে সম্বন্ধে কোনো সন্দেহ থাকে না। ধারণা করা হয় তিনি ১৫শ শতাব্দীতে এটি নির্মাণ করেন। এ মসজিদটি বহু বছর ধরে ও বহু অর্থ খরচ করে নির্মাণ করা হয়েছিল। পাথরগুলো আনা হয়েছিল রাজমহল থেকে। এটি বাংলাদেশের তিনটি বিশ্ব ঐতিহ্যবাহী স্থানের একটির মধ্যে অবস্থিত; বাগেরহাট শহরটিকেই বিশ্ব ঐতিহ্যবাহী স্থানের মর্যাদা দেওয়া হয়েছে। ১৯৮৫ খ্রিষ্টাব্দে ইউনেস্কো এই সম্মান প্রদান করে।মসজিদটি উত্তর-দক্ষিণে বাইরের দিকে প্রায় ১৬০ ফুট ও ভিতরের দিকে প্রায় ১৪৩ ফুট লম্বা এবং পূর্ব-পশ্চিমে বাইরের দিকে প্রায় ১০৪ ফুট ও ভিতরের দিকে প্রায় ৮৮ ফুট চওড়া। দেয়ালগুলো প্রায় ৮·৫ ফুট পুরু। ষাট গম্বুজ মসজিদে গম্বুজের সংখ্যা মোট ৮১ টি, সাত লাইনে ১১ টি করে ৭৭ টি এবং চার কোনায় ৪ টি মোট ৮১ টি। কালের বিবর্তনে লোকমুখে ৬০ গম্বুজ বলতে বলতে ষাট গম্বুজ নামকরণ হয়ে যায়, সেই থেকে ষাট গম্বুজ নামে পরিচিত।সুলতান নসিরউদ্দিন মাহমুদ শাহের (১৪৩৫-৫৯) আমলে খান আল-আজম উলুগ খানজাহান সুন্দরবনের কোল ঘেঁষে খলিফাবাদ রাজ্য গড়ে তোলেন। খানজাহান বৈঠক করার জন্য একটি দরবার হল গড়ে তোলেন, যা পরে ষাট গম্বুজ মসজিদ হয়।","Six Dome Mosque is an ancient mosque located in the southwest of Bagerhat district of Bangladesh. There is no inscription on the mosque. So there is no exact information about who built it or when it was built. But the architecture of the mosque leaves no doubt that it was built by Pir Khan Jahan Ali. He is believed to have built it in the 15th century. This mosque was built over many years and at a great expense.The stones were brought from the palace. It is located within one of the three World Heritage Sites of Bangladesh; Bagerhat city itself has been given the status of World Heritage Site. It was awarded this honor by UNESCO in 1985. The mosque is about 160 feet long on the north-south exterior and about 143 feet on the interior, and about 104 feet on the exterior and about 88 feet on the interior on the east-west. The walls are about 8·5 feet thick.Sixty-domed mosque has a total of 81 domes, 77 in 11 lines and 4 in four corners totaling 81. In the course of time, people say 60 domes, it became known as sixty domes, hence it is known as sixty domes. During the reign of Sultan Nasiruddin Mahmud Shah (1435-59), Khan Al-Azam Ulug Khanjahan built the Caliphabad kingdom on the lap of Sundarbans. Khan Jahan built a Durbar Hall for meetings, which later became the Sixty Domed Mosque."
21,Sompur_Mahavihara,"পাহাড়পুর বৌদ্ধবিহার বা সোমপুর বিহার বা সোমপুর মহাবিহার বর্তমানে ধ্বংসপ্রাপ্ত একটি প্রাচীন বৌদ্ধ বিহার। পালবংশের দ্বিতীয় রাজা শ্রী ধর্মপাল দেব (৭৮১-৮২১) অষ্টম শতকের শেষের দিকে বা নবম শতকে এই বিহার তৈরি করছিলেন। ১৮৭৯ খ্রিস্টাব্দে স্যার আলেকজান্ডার কানিংহাম এই বিশাল স্থাপনা আবিষ্কার করেন।ইউনেস্কোর মতে পাহাড়পুর বিহার বা সোমপুর বৌদ্ধ বিহার দক্ষিণ হিমালয়ের দ্বিতীয় বৃহত্তম বৌদ্ধ বিহার। আয়তনে এর সাথে ভারতের নালন্দা মহাবিহারের তুলনা হতে পারে। এটি ৩০০ বছর ধরে বৌদ্ধদের অতি বিখ্যাত ধর্ম শিক্ষাদান কেন্দ্র ছিল। শুধু উপমহাদেশের বিভিন্ন স্থান থেকেই নয়, বরং চীন, তিব্বত, মায়ানমার (তদানীন্তন ব্রহ্মদেশ), মালয়েশিয়া, ইন্দোনেশিয়া প্রভৃতি দেশের বৌদ্ধরা এখানে ধর্মজ্ঞান অর্জন করতে আসতেন। খ্রিস্টীয় দশম শতকে বিহারের আচার্য ছিলে অতীশ দীপঙ্কর শ্রীজ্ঞান। ১৯৮৫ খ্রিস্টাব্দে ইউনেস্কো এটিকে বিশ্ব ঐতিহ্যবাহী স্থানের স্বীকৃতি প্রদান করে।পুণ্ড্রবর্ধনের রাজধানী পুন্ড্রনগর (বর্তমান মহাস্থান) এবং অপর শহর কোটিবর্ষ (বর্তমান বানগড়)-এর মাঝামাঝি স্থানে অবস্থিত ছিল সোমপুর মহাবিহার। এর ধ্বংসাবশেষটি বর্তমান বাংলাদেশের বৃহত্তর রাজশাহীর অন্তর্গত নওগাঁ জেলার বদলগাছি উপজেলার পাহাড়পুর গ্রামে অবস্থিত। অপরদিকে জয়পুরহাট জেলার জামালগঞ্জ রেলস্টেশন থেকে এর দূরত্ব পশ্চিমদিকে মাত্র ৫ কিলোমিটার। এর ভৌগোলিক অবস্থান ২৫°০´ উত্তর থেকে ২৫°১৫´ উত্তর অক্ষাংশ এবং ৮৮°৫০´ পূর্ব থেকে ৮৯°১০´ পূর্ব দ্রাঘিমাংশ পর্যন্ত।গ্রামের মধ্যে প্রায় ০.১০ বর্গ কিলোমিটার (১০ হেক্টর) অঞ্চল জুড়ে এই পুরাকীর্তিটি অবস্থিত।","Paharpur Buddhist Vihara or Sompur Vihar or Sompur Mahavihar is an ancient Buddhist Vihara which is now destroyed. Sri Dharmapala Deva (781-821), the second king of the Palavansh dynasty, was building this vihara in the late 8th or 9th century. This huge structure was discovered by Sir Alexander Cunningham in 1879. According to UNESCO, Paharpur Vihar or Sompur Buddhist Vihar is the second largest Buddhist Vihar in the southern Himalayas. In size it can be compared to the Nalanda Mahavihara in India.It was the most famous Buddhist teaching center for 300 years. Not only from different parts of the subcontinent, but Buddhists from countries like China, Tibet, Myanmar (now Brahmadesh), Malaysia, Indonesia etc. used to come here to acquire religious knowledge. Acharya of Bihar in 10th century AD was Atish Dipankar Srijnana. UNESCO recognized it as a World Heritage Site in 1985. The capital of Pundravardhan is Pundranagar (present day Mahasthan).Sompur Mahavihar was located in the middle of another city Kotivarsha (present day Bangar). Its ruins are located in Paharpur village of Badalgachi upazila of Naogaon district in present-day Greater Rajshahi of Bangladesh. On the other hand, its distance from Jamalganj railway station of Joypurhat district is only 5 km to the west. Its geographical location is 25°0'N to 25°15'N latitude and 88°50'E to 89°10'E longitude."
22,sonargaon,"সোনারগাঁও ছিল বাংলার মুসলিম শাসকদের অধীনে পূর্ববঙ্গের একটি প্রশাসনিক কেন্দ্র। এটি বর্তমানে বাংলাদেশের নারায়ণগঞ্জ জেলার একটি উপজেলা। এর অবস্থান ঢাকা থেকে ২৭ কিলোমিটার দক্ষিণ-পূর্বে। মধ্যযুগীয় নগরটির যথার্থ অবস্থান নির্দেশ করা কঠিন। বিক্ষিপ্ত নিদর্শনাদি থেকে প্রতীয়মান হয় যে, এটি পূর্বে মেঘনা, পশ্চিমে শীতলক্ষ্যা, দক্ষিণে ধলেশ্বরী ও উত্তরে ব্রহ্মপুত্র নদ দ্বারা বেষ্টিত একটি বিস্তৃত জনপদ ছিল।সোনারগাঁও বাংলার ঐতিহাসিক অঞ্চলের অন্যতম প্রাচীন রাজধানী এবং পূর্ব বাংলার একটি প্রশাসনিক কেন্দ্র ছিল। এটি একটি নদী বন্দরও ছিল। তাঁতি ও কারিগরদের বিশাল জনসংখ্যার সাথে বাংলার মসলিন বাণিজ্যের কেন্দ্রবিন্দু ছিল সোনারগাঁও। প্রাচীন গ্রীক ও রোমান বিবরণ অনুসারে, এই পশ্চাদভূমিতে এম্পোরিয়াম বা বাণিজ্যিক কেন্দ্র অবস্থিত ছিল, যা প্রত্নতাত্ত্বিকরা ওয়ারী-বটেশ্বর ধ্বংসাবশেষের সাথে সনাক্ত করেছেন। অঞ্চলটি বঙ্গ, সমতট, সেন এবং দেব রাজবংশের একটি ঘাঁটি ছিল।দিল্লি সালতানাতের সময় সোনারগাঁও গুরুত্ব লাভ করে। এটি ফখরুদ্দীন মুবারক শাহ এবং তার পুত্র ইখতিয়ারউদ্দিন গাজী শাহ দ্বারা শাসিত সালতানাতের রাজধানী ছিল। এখানে রাজদরবার এবং বাংলা সালতানাতের টাকশাল এবং গিয়াসউদ্দিন আজম শাহের রাজত্বকালে বঙ্গীয় সালতানাতের রাজধানীও ছিল। এসময় সোনারগাঁও বাংলার অন্যতম গুরুত্বপূর্ণ জনপদে পরিণত হয়। অনেক অভিবাসী ওই এলাকায় বসতি স্থাপন করে। সুলতানরা মসজিদ ও সমাধি নির্মাণ করেন। পরে এটি বারো-ভূঁইয়ার ঈসা খান এবং তার পুত্র মুসা খানের নেতৃত্বে মুঘল সম্প্রসারণকে প্রতিহত করেছিল। বারো ভূইয়াদের পরাজয়ের পর সোনারগাঁও মুঘল সুবাহ বাংলার একটি জেলায় পরিণত হয়।","Sonargaon was an administrative center of East Bengal under the Muslim rulers of Bengal. It is currently an upazila in Narayanganj district of Bangladesh. Its location is 27 km southeast of Dhaka. It is difficult to pinpoint the exact location of the medieval city. Scattered evidence suggests that it was a sprawling settlement bounded by the Meghna on the east, the Shitalakshya on the west, the Dhaleswari on the south and the Brahmaputra on the north.Sonargaon was one of the oldest capitals of the historical region of Bengal and an administrative center of East Bengal. It was also a river port. Sonargaon was the center of Bengal's muslin trade with a large population of weavers and artisans. According to ancient Greek and Roman accounts, emporiums or trading centers were located in this hinterland, which archaeologists have identified with the Wari-Bateswara ruins. The region was a stronghold of the Bengal, Samata, Sena and Deva dynasties.It was the capital of the Sultanate ruled by Mubarak Shah and his son Ikhtiyaruddin Ghazi Shah. It was also home to the royal court and mint of the Bengal Sultanate and the capital of the Bengal Sultanate during the reign of Ghiyasuddin Azam Shah. Sonargaon became one of the most important towns in Bengal. Many immigrants settled in the area. Sultans built mosques and tombs. It later resisted Mughal expansion under Baro-Bhuiyar Isa Khan and his son Musa Khan."
23,Tajhat_palace,"তাজহাট রাজবাড়ি বা তাজহাট জমিদারবাড়ি বাংলাদেশের রংপুর শহরের পুরাণ রংপুর তথা তাজহাটে অবস্থিত একটি ঐতিহাসিক প্রাসাদ যা এখন একটি জাদুঘর হিসেবে ব্যবহৃত হচ্ছে। রংপুরের পর্যটকদের কাছে এটি একটি আকর্ষণীয় স্থান। রাজবাড়িটি রংপুর শহরের জিরো পয়েন্ট থেকে দক্ষিণ-পূর্ব দিকে ৬ কিলোমিটার দূরে অবস্থিত। এটি রংপুরের অন্যতম একটি প্রাচীন নিদর্শনও বটে।প্রাসাদটি বিংশ শতাব্দীর শুরুর দিকে মহারাজা কুমার গোপাল লাল রায় নির্মাণ করেন। এতে সময় লেগেছিল প্রায় ১০ বছর। মহারাজা গোপাল রায় ছিলেন হিন্দু এবং পেশায় ছিলেন একজন স্বর্ণকার। কথিত আছে, তার মনমুগ্ধকর 'তাজ' বা মুকুটের কারণেই এ এলাকা তাজহাট নামে অভিহিত হয়ে আসছে।১৯৮৪ থেকে ১৯৯১ খ্রিষ্টাব্দ পর্যন্ত প্রাসাদটি ব্যবহৃত হয় রংপুর হাইকোর্ট, বাংলাদেশ সুপ্রীম কোর্টের একটি শাখা বা বেঞ্চ হিসেবে। প্রেসিডেন্ট এরশাদ বিচার বিভাগ বিকেন্দ্রীয়করণের লক্ষ্য নিয়ে দেশের বিভিন্ন জেলা সদরে বাংলাদেশের হাই কোর্ট বিভাগের আঞ্চলিক বেঞ্চ স্থাপন করেন যার একটি রংপুরে স্থাপিত হয়েছিল। পরে, ১৯৯১ খ্রিষ্টাব্দে গণতান্ত্রিক সরকার প্রতিষ্ঠার পর এই পদ্ধতি তুলে দেয়া হয়। ১৯৯৫ খ্রিষ্টাব্দে বাংলাদেশ সরকারের প্রত্নতত্ত্ব বিভাগ প্রাসাদটিকে একটি সংরক্ষিত স্থাপনা তথা স্থাপত্য হিসেবে ঘোষণা করে। বাংলাদেশ সরকার এ স্থাপত্যের ঐতিহাসিক গুরুত্ব অনুধাবন করতঃ ২০০৫ খ্রিষ্টাব্দে রংপুর জাদুঘরকে স্থানান্তর করে এ প্রাসাদের দ্বিতীয় তলায় নিয়ে আসে|মার্বেলের সিঁড়ি বেয়ে জাদুঘরে উঠলেই রয়েছে বেশ কয়েকটি প্রদর্শনী কক্ষ যাতে রয়েছে দশম ও একাদশ শতাব্দীর টেরাকোটা শিল্পকর্ম। এখানে রয়েছে সংস্কৃত এবং আরবি ভাষায় লেখা বেশ কিছু প্রাচীন পাণ্ডুলিপি। এর মধ্যে রয়েছে মুঘল সম্রাট আওরাঙ্গজেবের সময়ের কুরআন সহ মহাভারত ও রামায়ণ।","Tajhat Rajbari or Tajhat Zamindarbari is a historical palace located in Puran Rangpur or Tajhat in Rangpur city of Bangladesh which is now used as a museum. It is an attractive place for the tourists of Rangpur. The Rajbari is located 6 km south-east from the zero point of Rangpur city. It is also one of the oldest landmarks of Rangpur. The palace was built by Maharaja Kumar Gopal Lal Roy in the early 20th century.It took about 10 years. Maharaja Gopal Roy was a Hindu and a goldsmith by profession. It is said that the area is known as Tajhat because of its mesmerizing 'Taj' or crown. From 1984 to 1991 AD, the palace was used as a branch or bench of the Rangpur High Court, Bangladesh Supreme Court.President Ershad set up regional benches of the High Court of Bangladesh in different district headquarters of the country with the aim of decentralizing the judiciary, one of which was established in Rangpur. Later, after the establishment of democratic government in 1991 AD, this system was dropped. In 1995, the Archeology Department of the Government of Bangladesh declared the palace as a protected structure and architecture.The Bangladesh government recognized the historical importance of this architecture: in 2005, the Rangpur Museum was moved to the second floor of the palace. A marble staircase leads to the museum, which houses several exhibition rooms containing 10th and 11th century terracotta artefacts. There are several ancient manuscripts written in Sanskrit and Arabic. These include the Mahabharata and the Ramayana, along with the Quran from the time of the Mughal emperor Aurangzeb"
24,Tara_Masjid,"তারা মসজিদ পুরান ঢাকার আরমানিটোলায় আবুল খয়রাত সড়কে অবস্থিত। সাদা মার্বেলের গম্বুজের ওপর নীলরঙা তারায় খচিত এ মসজিদ নির্মিত হয় আঠারো শতকের প্রথম দিকে। মসজিদের গায়ে এর নির্মাণ-তারিখ খোদাই করা ছিল না। জানা যায়, আঠারো শতকে ঢাকার 'মহল্লা আলে আবু সাঈয়ীদ'-এ (পরে যার নাম আরমানিটোলা হয়) আসেন জমিদার মির্জা গোলাম পীর (মির্জা আহমদ জান)। ঢাকার ধণাঢ্য ব্যক্তি মীর আবু সাঈয়ীদের নাতি ছিলেন তিনি। মির্জা মসজিদ নির্মাণ করেন। ‌মির্জা সাহেবের মসজিদ হিসেবে এটি তখন বেশ পরিচিতি পায়। ১৮৬০ সালে মারা যান মির্জা গোলাম পীর। পরে, ১৯২৬ সালে, ঢাকার তৎকালীন স্থানীয় ব্যবসায়ী, আলী জান বেপারী মসজিদটির সংস্কার করেন। সে সময় জাপানের রঙিন চিনি-টিকরি পদার্থ ব্যবহৃত হয় মসজিদটির মোজাইক কারুকাজে।মোঘল স্থাপত্য শৈলীর প্রভাব রয়েছে এ মসজিদে। ঢাকার কসাইটুলীর মসজিদেও এ ধরনের বৈশিষ্ট্য লক্ষ্য করা যায়। উল্লেখ্য, দিল্লি, আগ্রা ও লাহোরের সতের শতকে নির্মিত স্থাপত্যকর্মের ছাপ পড়ে মোঘল স্থাপত্য শৈলীতে।তারা মসজিদ বারান্দামির্জা গোলামের সময় মসজিদটি ছিল তিন গম্বুজঅলা, দৈর্ঘ্যে ৩৩ ফুট (১০.০৬ মিটার) আর প্রস্থে ১২ ফুট (৪.০৪ মিটার)। আলী জানের সংস্কারের সময়, ১৯২৬ সালে, মসজিদের পূর্ব দিকে একটি বারান্দা বাড়ানো হয়। ১৯৮৭ সালে তিন গম্বুজ থেকে পাঁচ গম্বুজ করা হয়। পুরনো একটি মেহরাব ভেঙে দুটো গম্বুজ আর তিনটি নতুন মেহরাব বানানো হয়।মসজিদের বতর্মান দৈর্ঘ্য ৭০ ফুট (২১.৩৪ মিটার), প্রস্থ ২৬ ফুট (৭.৯৮ মিটার)।","They are located on Abul Khairat Road in Armanitola, Masjid Puran Dhaka. This mosque, decorated with blue stars on a white marble dome, was built in the early 18th century. The date of its construction was not engraved on the mosque. It is known that zamindar Mirza Golam Pir (Mirza Ahmad Jan) came to Dhaka's 'Mahalla Ale Abu Sayyid' (later named Armanitola) in the eighteenth century. He was the grandson of Mir Abu Sayyid, a wealthy man of Dhaka. Mirza built the mosque.It became well known as the mosque of Mirza Sahib. Mirza Ghulam Pir died in 1860. Later, in 1926, the then local businessman of Dhaka, Ali Jan Bepari renovated the mosque. At that time, Japanese colored sugar-tikiri material was used in the mosaic work of the mosque. Mughal architectural style is influenced in this mosque. Such features can also be observed in Kasaituli Mosque of Dhaka. It should be noted that the Mughal architectural style is influenced by the seventeenth century architecture of Delhi, Agra and Lahore.At the time of Tara Masjid Barandamirza Ghulam, the mosque was three-domed, 33 feet (10.06 m) in length and 12 feet (4.04 m) in width. During Ali Jan's renovation, in 1926, a verandah was extended on the east side of the mosque. In 1987, from three domes to five domes. An old mehrab was demolished and two domes and three new mehrabs were built. The current length of the mosque is 70 feet (21.34 m), width 26 feet (7.98 m)."
25,National_Zoo,"বাংলাদেশের জাতীয় চিড়িয়াখানা ঢাকার মিরপুরে অবস্থিত একটি চিড়িয়াখানা। এটি বাংলাদেশ সরকারের মৎস্য ও প্রাণিসম্পদ মন্ত্রণালয় এর অধীনস্থ একটি প্রতিষ্ঠান। ১৯৫০ সালে হাইকোর্ট চত্বরে জীবজন্তুর প্রদর্শনশালা হিসেবে প্রতিষ্ঠিত হয় চিড়িয়াখানাটি। পরবর্তীকালে ১৯৭৪ সালে বর্তমান অবস্থানে স্থানান্তরিত হয় এটি। চিড়িয়াখানাটি উদ্বোধন ও সর্বসাধারণের জন্য উন্মুক্ত হয় ১৯৭৪ সালের ২৩ জুন। বছরে প্রায় ৩০ লক্ষ দর্শনার্থী ঢাকা চিড়িয়াখানা পরিদর্শন করে থাকেন। ২০১৫ সালের ৫ ফেব্রুয়ারি নাম পরিবর্তন করে ঢাকা চিড়িয়াখানা থেকে বাংলাদেশ জাতীয় চিড়িয়াখানা নামকরণ করা হয়।ঢাকা চিড়িয়াখানার বার্ষিক বাজেট ৩৭.৫ মিলিয়ন টাকা, যার মধ্যে ২৫ মিলিয়ন টাকা পশুদের খাওয়ানোর জন্য ব্যয় করা হয়।ঊনবিংশ শতাব্দীর শেষভাগে ঢাকা শহরের শাহবাগে তৎকালীন নবাবরা একটি ব্যক্তিগত চিড়িয়াখানার গোড়াপত্তন করেন। ১৯৪৭ সালে পাকিস্তান সৃষ্টির পর বাংলাদেশ বা তৎকালীন পূর্ব-পাকিস্তানে একটি চিড়িয়াখানার অভাব অনুভূত হয়। পঞ্চাশের দশকের শেষভাগে ঢাকার সুপ্রিম কোর্টের সামনে বর্তমান ঈদগাহ এলাকায় ৪-৫ একর জায়গা জুড়ে ছোট আকারের একটি চিড়িয়াখানা স্থাপন করা হয়। চিড়িয়াখানাটিতে একটি বড় পুকুর এবং পাড়ের খানিকটা জায়গা জুড়ে একটি বলাকা প্রদর্শনী ছিল। সেখানে রাজহাঁস, পাতিহাঁস, শীতের পরিযায়ী হাঁস এবং অন্যান্য পাখি ছিল। হাড়গিলা, সারস এবং ময়ূরও প্রদর্শিত হত। বানর, হনুমান আর হরিণ ছিল। সরিসৃপের মধ্যে অজগর ও কুমির ছিল প্রধান।কায় একটি আধুনিক চিড়িয়াখানা স্থাপনের ব্যাপারে প্রথম সরকারি সিদ্ধান্ত নেওয়া হয় ১৯৫০ খ্রিস্টাব্দে।","Bangladesh National Zoo is a zoo located in Mirpur, Dhaka. It is an institution under the Ministry of Fisheries and Livestock, Government of Bangladesh. The zoo was established in 1950 as an animal exhibition in the High Court premises. It was later shifted to its present location in 1974. The zoo was inaugurated and opened to the public on 23 June 1974. About 30 lakh visitors visit Dhaka Zoo annually.The name was changed from Dhaka Zoo to Bangladesh National Zoo on February 5, 2015. Dhaka Zoo has an annual budget of Tk 37.5 million, of which Tk 25 million is spent on feeding the animals. In the late nineteenth century, the then Nawabs owned a private zoo at Shahbagh in Dhaka city. Initiated. After the creation of Pakistan in 1947, Bangladesh or the then East-Pakistan lacked a zoo.In the late fifties, a small zoo was established in front of the Supreme Court of Dhaka in the present Eidgah area covering an area of ​​4-5 acres. The zoo had a large pond and a balaka exhibit covering some of the shore area. There were swans, mallards, winter migratory ducks and other birds. Herons, storks and peacocks were also displayed. There were monkeys, Hanuman and deer.Among the reptiles, pythons and crocodiles were the main ones. The first official decision to establish a modern zoo in Kaya was taken in 1950 AD."
